station_id,name,lat,lng,present_years,present_months
2231.1,3 Ave & 92 St,40.61946,-74.03261,2026,2026-01;2026-04;2026-05
2354.03,Shore Rd & Narrows Ave,40.6222,-74.04029,2026,2026-03;2026-04;2026-05;2026-06;2026-07
2506.1,83 St & Narrows Ave,40.62757,-74.03838,2026,2026-06
2803.04,Narrows Ave & MacKay Pl,40.63692,-74.03449,2026,2026-01;2026-02;2026-03;2026-04;2026-05;2026-06;2026-07
3138.09,58 St & 2 Ave,40.644512,-74.021506,2025,2025-01
3184.07_OLD,New Utrecht Ave & 9 Ave,40.646249287052434,-73.99452600971485,2026,2026-06
3445.05,E 54 St & Linden Blvd,40.65417,-73.9268,2026,2026-07
3460.06,2 Ave & 37 St,40.65624,-74.00933,2025,2025-01;2025-02;2025-03;2025-04;2025-05;2025-06;2025-07;2025-08
3492.04,34 St & 4 Ave,40.655278,-74.003101,2025,2025-01;2025-02;2025-03;2025-04;2025-05;2025-06;2025-07
3518.04,Clarkson Ave & E 91 St,40.65809,-73.9247,2026,2026-07
3558.01,E 52 St & Winthrop St,40.65831,-73.92919,2026,2026-07
3583.04,Riverdale Ave & E 98 St,40.65984,-73.91685,2026,2026-07
3591.05,E 93 St & Winthrop St,40.66069,-73.92491,2026,2026-07
3623.03,Kings Hwy & E 98 St,40.66169,-73.91948,2026,2026-07
3631.05,E 92 St & Rutland Rd,40.66204,-73.92763,2026,2026-07
3655.06,Livonia Ave & Saratoga Ave,40.66166,-73.91566,2026,2026-07
3663.01,Rockaway Pkwy & Winthrop St,40.66274,-73.92174,2026,2026-07
3671.02,Utica Ave & E New York Ave,40.66304,-73.93141,2026,2026-07
3694.08,Legion St & Blake Ave,40.66443,-73.91716,2026,2026-07
3702.07,E 95 St & Rutland Rd,40.66323,-73.92529,2026,2026-07
3774.06,Rockaway Pkwy & Rutland Rd,40.66455,-73.92376,2026,2026-07
4033.19,Park Pl & Franklin Ave,40.67418106036449,-73.95655458212127,2026,2026-04;2026-05;2026-06;2026-07
4101.18,President St & 4 Ave,40.676660243631495,-73.98327781669718,2026,2026-07
4110.1,3 St & Hoyt St,40.6777287,-73.99364123,2025,2025-01;2025-02;2025-03;2025-04;2025-05
4184.07,Carroll St & Bond St,40.6786115,-73.99037292,2026,2026-07
4199.13,Carlton Ave & St Marks Ave,40.67911856082165,-73.97176265716553,2025,2025-01;2025-02;2025-03;2025-04;2025-05;2025-06;2025-07
4461.07,Waverly Ave & Lafayette Ave,40.688231,-73.966804,2025,2025-01;2025-02;2025-03;2025-04;2025-05;2025-06;2025-07;2025-08
4488.08,Court St & State St,40.6902375,-73.99203074,2025,2025-01;2025-02;2025-03;2025-04;2025-05;2025-06;2025-07;2025-08;2025-09
4590.01,Soissons Landing,40.69231660719192,-74.01486575603485,2025,2025-01;2025-02;2025-03;2025-04;2025-05;2025-06
4645.09,Hicks St & Montague St,40.69512845,-73.99595065,2025,2025-01
4801.04,Melrose St & Broadway,40.697481,-73.935877,2025,2025-01;2025-02;2025-03;2025-04;2025-05;2025-06;2025-07;2025-08;2025-09;2025-10
4801.1,Arion Pl & Broadway,40.697891,-73.936642,2026,2026-06
4804.03,Flushing Ave & Clermont Ave,40.69804052908624,-73.97148517679594,2026,2026-05;2026-06;2026-07
4956.02,Humboldt St & Varet St,40.7031724,-73.940636,2025,2025-01;2025-02;2025-03;2025-04;2025-05
5065.04,John St & William St,40.70862144,-74.00722156,2026,2026-03;2026-04;2026-05;2026-06;2026-07
5073.08,Greenwich St & Rector St,40.708351,-74.013493,2026,2026-05;2026-06;2026-07
5256.06,Vesey St & West St,40.714063,-74.014432,2026,2026-01;2026-02;2026-03;2026-04;2026-05;2026-06;2026-07
5283.02,78 Ave & Queens Blvd S,40.7149,-73.83247,2026,2026-07
5324.03,Austin St & 76 Ave,40.71612,-73.83735,2026,2026-07
5329.09,Murray St & West St (NW Corner),40.715438,-74.014077,2026,2026-07
5348.02,Wythe Ave & Metropolitan Ave,40.716887,-73.963198,2025,2025-01;2025-02;2025-03;2025-04;2025-05;2025-06;2025-07
5348.06_old,Kent Ave & N 3 St,40.7188,-73.961,2025,2025-09
5348.1,Grand St & Wythe Ave,40.71575,-73.96433,2026,2026-03;2026-05;2026-06;2026-07
5348.10,Grand St & Wythe Ave,40.71575,-73.96433,2026,2026-03;2026-04;2026-05;2026-06;2026-07
5355.06,Queens Blvd N & 78 Ave,40.71532,-73.83226,2026,2026-07
5395.08,Queens Blvd S & 76 Rd,40.7172,-73.83524,2026,2026-07
5434.07,Queens Blvd N & 72 Rd,40.7202,-73.84044,2026,2026-06;2026-07
5434.08,Queens Blvd N & 75 Ave,40.71894,-73.8377,2026,2026-07
5443.02,Austin St & 70 Rd,40.72047,-73.84576,2026,2026-06;2026-07
5474.06,Queens Blvd N & 71 Ave,40.72144,-73.84363,2026,2026-06;2026-07
5500.07,6 Ave & Canal St,40.72243797,-74.00566443,2025,2025-01;2025-02;2025-03;2025-04;2025-05;2025-06
5504.05,72 Rd & 113 St,40.7213,-73.8371,2026,2026-07
5513.11,Queens Blvd S & 71 Ave,40.72146,-73.84431,2026,2026-06;2026-07
5543.03,71 Ave & 110 St,40.72232,-73.8417,2026,2026-06;2026-07
5543.05,70 Rd & 112 St,40.72371,-73.83959,2026,2026-07
5551.12,69 Ave & Queens Blvd N,40.72398,-73.84872,2026,2026-06;2026-07
5551.14,Queens Blvd S & Yellowstone Blvd,40.72261,-73.84721,2026,2026-06;2026-07
5561.08,Lafayette St & Jersey St,40.72430527,-73.99600983,2026,2026-07
5582.06,108 St & Jewel Ave,40.72374,-73.8448,2026,2026-06;2026-07
5591.08,Booth St & 68 Dr,40.72392,-73.85102,2026,2026-06;2026-07
5600.01,Austin St & 66 Ave,40.72499,-73.85787,2026,2026-06;2026-07
5614.03,113 St & Jewel Ave,40.72521,-73.83928,2026,2026-06;2026-07
5634.01,67 Ave & Queens Blvd S,40.72672,-73.85393,2026,2026-06;2026-07
5634.03,Queens Blvd N & 67 Rd,40.72667,-73.85223,2026,2026-06;2026-07
5657.06,68 Dr & 112 St,40.72704,-73.84128,2026,2026-06;2026-07
5667.03,Yellowstone Blvd & 67 Rd,40.72782,-73.84924,2026,2026-06;2026-07
5667.08,Yellowstone Blvd & 68 Ave,40.7263,-73.84841,2026,2026-06;2026-07
5677.04,Queens Blvd S & 65 Rd,40.72853,-73.85832,2026,2026-06;2026-07
5685.06,Austin St & 63 Dr,40.7273,-73.86398,2026,2026-06;2026-07
5701.01,110 St & 68 Ave,40.72774,-73.84429,2026,2026-06;2026-07
5710.04,66 Rd & 102 St,40.72849,-73.85187,2026,2026-06;2026-07
5712.10,Lafayette St & Astor Pl,40.729738,-73.991618,2026,2026-07
5744.07,108 St & 66 Rd,40.72951,-73.84794,2026,2026-06;2026-07
5753.02,99 St & 65 Rd,40.72903,-73.85536,2026,2026-06;2026-07
5761.05,Queens Blvd N & 63 Rd,40.73016,-73.86207,2026,2026-06;2026-07
5761.06,63 Dr & Booth St,40.72857,-73.86342,2026,2026-06;2026-07
5777.03,112 St & 67 Rd,40.72955,-73.84263,2026,2026-06;2026-07
5786.02,Yellowstone Blvd & 65 Ave,40.73103,-73.85128,2026,2026-06;2026-07
5795.07,98 St & 64 Rd,40.72973,-73.85817,2026,2026-06;2026-07
5803.03,62 Ave & Queens Blvd,40.73161,-73.8669,2026,2026-06;2026-07
5818.07,110 St & 66 Rd,40.73017,-73.84568,2026,2026-06;2026-07
5827.01,63 Dr & 102 St,40.73244,-73.85404,2026,2026-06;2026-07
5836.08,62 Dr & 97 St,40.73236,-73.86256,2026,2026-06;2026-07
5836.09,62 Dr & 97 Pl,40.73282,-73.86065,2026,2026-06;2026-07
5847.1,Greenwich St & Christopher St,40.7326,-74.00767,2026,2026-07
5847.10,Greenwich St & Christopher St,40.7326,-74.00767,2026,2026-07
5861.04,64 Ave & 108 St,40.73305,-73.84942,2026,2026-06;2026-07
5870.05,63 Ave & 99 St,40.73302,-73.85714,2026,2026-06;2026-07
5883.06,Van Dam St & Greenpoint Ave,40.73443564069459,-73.93790781497955,2025,2025-01;2025-02;2025-03
5894.01,64 Rd & Grand Central Pkwy,40.73362,-73.84494,2026,2026-06;2026-07
5903.06,108 St & 62 Dr,40.73551,-73.85102,2026,2026-06;2026-07
5936.06,62 Dr & 110 St,40.73632,-73.84904,2026,2026-06;2026-07
5945.03,62 Ave & 102 St,40.73568,-73.8564,2026,2026-06;2026-07
6011.04,Grand Central Pkwy & 62 Dr,40.73694,-73.84601,2026,2026-06;2026-07
6170.1,Jackson Ave & 50 Ave,40.74234,-73.95312,2026,2026-06
6170.10,Jackson Ave & 50 Ave,40.74234,-73.95312,2026,2026-06;2026-07
6233.11,W 19 St & 11 Ave,40.74598211712387,-74.00784343705081,2026,2026-07
6234.08,59 St & 41 Ave,40.744577,-73.905986,2025,2025-01;2025-02;2025-03;2025-04;2025-05;2025-06
6280.13,E 33 St & Park Ave,40.74652543,-73.98214281,2026,2026-04;2026-05;2026-06;2026-07
6297.02,W 26 St & 8 Ave,40.74734825,-73.99723551,2026,2026-07
6438.04,11 St & 43 Ave,40.7519071,-73.9479119,2025,2025-01
6441.01,Broadway & W 36 St,40.75097711,-73.98765428,2025,2025-01;2025-02;2025-03;2025-04;2025-05;2025-06;2025-07;2025-08;2025-09
6441.11,Broadway & W 36 St,40.751226078126,-73.98772201748262,2026,2026-05;2026-06;2026-07
6462.09,29 St & 40 Ave,40.75217,-73.93588,2025,2025-01;2025-02;2025-03;2025-04;2025-05;2025-06;2025-07
6535.05,10 Ave & W 34 St,40.75476986284269,-73.99914588449698,2026,2026-01;2026-02;2026-03;2026-04;2026-05;2026-06;2026-07
6569.08,W 35 St & Dyer Ave,40.754691750226016,-73.99740189313889,2025,2025-01;2025-02;2025-03;2025-04;2025-05;2025-06;2025-07;2025-08;2025-09
6638.01,34 Ave & 38 St,40.756913,-73.921631,2025,2025-01
6644.04,W 39 St & 9 Ave,40.75645824,-73.99372222,2026,2026-01;2026-02;2026-03;2026-04;2026-05;2026-06;2026-07
6667.04,W 47 St & 6 Ave,40.758397,-73.98255,2025,2025-01;2025-02;2025-03;2025-04;2025-05;2025-06
6717.01,W 44 St & 9 Ave,40.75963216910053,-73.99155429633757,2026,2026-06;2026-07
6789.2,31 St & Broadway,40.76211,-73.92523,2025,2025-01;2025-02;2025-03;2025-04;2025-05;2025-06;2025-07
6789.20,31 St & Broadway,40.76211,-73.92523,2025,2025-01;2025-02;2025-03;2025-04;2025-05;2025-06;2025-07
6884.06,8 Ave & W 55 St,40.765591,-73.983846,2026,2026-04;2026-05;2026-06;2026-07
7020.09,1 Ave & E 78 St,40.77140426,-73.9535166,2026,2026-06;2026-07
7036.07,E 70 St & Madison Ave,40.77059,-73.96655,2026,2026-05;2026-06;2026-07
7363.04,20 Ave & 21 St,40.784003,-73.912297,2026,2026-07
7409.08,W 84 St & Broadway,40.7867947,-73.977112,2026,2026-07
7563.07,E 116 St & 1 Ave,40.796179352474965,-73.93560531337829,2026,2026-03;2026-04;2026-05;2026-06;2026-07
7625.22,E 118 St & Park Ave,40.80069087251806,-73.94255424184108,2026,2026-03;2026-04;2026-05;2026-06;2026-07
7669.1,E 138 St & Cypress Ave,40.805559,-73.914718,2025,2025-01;2025-02;2025-03;2025-04;2025-05;2025-11
7883.1,Seneca Ave & Irvine St,40.81885,-73.88821,2025,2025-01;2025-02;2025-03;2025-04;2025-05;2025-07
7883.10,Seneca Ave & Irvine St,40.81885,-73.88821,2025,2025-01;2025-02;2025-03;2025-04;2025-05;2025-06;2025-07
7944.12,Bruckner Blvd & Faile St,40.820992,-73.889992,2026,2026-06;2026-07
8231.09,Vyse Ave & Boston Rd,40.83961,-73.88371,2026,2026-03;2026-04;2026-05;2026-06;2026-07
8421.03,W 181 St & Riverside Dr,40.85179476985454,-73.94171894634957,2026,2026-03;2026-04;2026-05;2026-06;2026-07
8582.1,Bainbridge Ave & E 193 St,40.86415477605928,-73.892452880543,2025,2025-01;2025-02;2025-03;2025-04;2025-05
8635.08,Grand Concourse & E 196 St,40.86767,-73.89286,2025,2025-01;2025-02;2025-03;2025-04;2025-05;2025-06;2025-07
8667.01,Grand Concourse & E 197 St,40.86945,-73.89148,2025,2025-01;2025-02;2025-03;2025-04;2025-05;2025-06;2025-07
8699.09,Hull Ave & E Mosholu Pkwy N,40.87115,-73.88035,2026,2026-02;2026-03;2026-04;2026-05;2026-06;2026-07
8714.06,E 204 St & Webster Ave,40.87095,-73.87679,2026,2026-02;2026-03;2026-04;2026-05;2026-06;2026-07
8731.09,Perry Ave & E 204 St,40.87318,-73.87856,2026,2026-02;2026-03;2026-04;2026-05;2026-06;2026-07
8744.07,E 205 St & Webster Ave,40.87302,-73.87514,2026,2026-02;2026-03;2026-04;2026-05;2026-06;2026-07
8763.05,Bainbridge Ave & E 206 St,40.8751,-73.87941,2026,2026-02;2026-03;2026-04;2026-05;2026-06;2026-07
8763.08,Reservoir Oval E & Bainbridge Ave,40.87634,-73.87902,2026,2026-02;2026-03;2026-04;2026-05;2026-06;2026-07
8775.03,Hull Ave & E 209 St,40.87689,-73.87444,2026,2026-02;2026-03;2026-04;2026-05;2026-06;2026-07
8805.08,Hull Ave & E Gun Hill Rd,40.87902,-73.87349,2026,2026-03;2026-04;2026-05;2026-06;2026-07
8806.1,W 231 St & Tibbett Ave,40.88071,-73.90837,2026,2026-05;2026-06
8806.10,W 231 St & Tibbett Ave,40.88071,-73.90837,2026,2026-04;2026-05;2026-06;2026-07
8808.02,Steuben Ave & E 210 St,40.87985,-73.88083,2026,2026-03;2026-04;2026-05;2026-06;2026-07
8809.04,Knolls Crescent & Kappock St,40.87875,-73.91743,2026,2026-05;2026-06;2026-07
8821.07,E Gun Hill Rd & Tryon Ave,40.8802,-73.87697,2026,2026-03;2026-04;2026-05;2026-06;2026-07
8824.02,Jerome Ave & E Mosholu Pkwy N,40.88031,-73.88426,2026,2026-02;2026-03;2026-04;2026-05;2026-06;2026-07
8825.02,Kappock St & Independence Ave,40.88077,-73.91952,2026,2026-05;2026-06;2026-07
8837.06,Bainbridge Ave & E 211 St,40.88206,-73.87808,2026,2026-03;2026-04;2026-05;2026-06;2026-07
8838.06,Henry Hudson Pkwy E & W 231 St,40.88336,-73.91505,2026,2026-04;2026-05;2026-06;2026-07
8855.07,Jerome Ave & E Gun Hill Rd,40.88239,-73.88146,2026,2026-03;2026-04;2026-05;2026-06;2026-07
8862.02,Bailey Ave & W 238 St,40.88417,-73.89793,2025,2025-01;2025-02;2025-03;2025-04;2025-05;2025-06
8862.05,Bailey Ave & W 238 St,40.88394,-73.89824,2026,2026-01;2026-02;2026-03;2026-04;2026-05;2026-06;2026-07
8870.01,Netherland Ave & W 232 St,40.8839,-73.91165,2026,2026-04;2026-05;2026-06;2026-07
8883.07,Johnson Ave & W 235 St,40.88555,-73.9099,2026,2026-05;2026-06;2026-07
8886.05,Jerome Ave & Bainbridge Ave,40.88644,-73.87832,2026,2026-03;2026-04;2026-05;2026-06;2026-07
8887.07,W 235 St & Independence Ave,40.88641,-73.9144,2026,2026-04;2026-05;2026-06;2026-07
8914.01,W 238 St & Riverdale Ave,40.88819,-73.90782,2026,2026-05;2026-06;2026-07
8918.08,W 237 St & Hudson Manor Terrace,40.88838,-73.91546,2026,2026-05;2026-06;2026-07
8927.01,Waldo Ave & Manhattan College Pkwy,40.88902,-73.90288,2026,2026-05;2026-06;2026-07
8940.01,Broadway & W 242 St,40.88917,-73.89875,2026,2026-04;2026-05;2026-06;2026-07
8946.06,Independence Ave & W 240 St,40.89069,-73.91284,2026,2026-05;2026-06;2026-07
8978.03,Broadway & W 251 St,40.89415,-73.89642,2026,2026-05;2026-06;2026-07
8998.03,Post Rd & W 251 St,40.89561,-73.89793,2026,2026-05;2026-06;2026-07
9029.01,Broadway & Lakeview Pl,40.89818,-73.89697,2026,2026-05;2026-06;2026-07
9050.03,Riverdale Ave & W 254 St,40.90207,-73.90578,2026,2026-05;2026-06;2026-07
9068.04,Fieldston Rd & Mosholu Ave,40.90524,-73.90054,2026,2026-05;2026-06;2026-07
9074.06,David Sheridan Plaza & Broadway,40.90501,-73.89663,2026,2026-05;2026-06;2026-07
9075.05,Riverdale Ave & W 258 St,40.90573,-73.9046,2026,2026-05;2026-06;2026-07
9089.01,Broadway & W 261 St,40.90951,-73.89652,2026,2026-05;2026-06;2026-07
9091.04,Riverdale Ave & W 261 St,40.90972,-73.90324,2026,2026-05;2026-06;2026-07
9095.02,Riverdale Ave & W 263 St,40.91239,-73.90272,2026,2026-06;2026-07
HB102,Hoboken Terminal - River St & Hudson Pl,40.7360676564825,-74.02912706136703,2025,2025-01;2025-02;2025-03;2025-04;2025-05;2025-06
HB107,Hudson Pl & Hoboken Terminal,40.73579286776364,-74.02837457573912,2026,2026-07
HB410,Harrison St & 4 St,40.74312966983124,-74.0407342210294,2026,2026-04;2026-05;2026-06;2026-07
JC125,Claremont Ave & JFK Blvd,40.71188950748599,-74.08384994659119,2025,2025-09;2025-10;2025-11;2025-12
JC148,Bay St & Washington St,40.720216,-74.03656,2026,2026-04;2026-05
JC149,Washington St & Morgan St,40.71944579304272,-74.03689158686865,2026,2026-05;2026-06;2026-07
LA Metro Demo 1,LA Metro Demo 1,34.014863,-118.481518,2025,2025-01;2025-02
LA Metro Demo 2,LA Metro Demo 2,34.026214022171,-118.25157758625,2025,2025-02;2025-12
LA Metro Demo 3,LA Metro Demo 3,34.02618,-118.2515,2025,2025-12
MTL-LAB-BKN,MTL-LAB-BKN,40.785792,-73.96207,2026,2026-04
SYS018,Bronx WH station,0.0,0.0,2025,2025-01;2025-02;2025-03;2025-04;2025-09;2025-10
