route_id,name
B1,B1
B100,B100
B101,B101
B103,B103
B106,B106
B11,B11
B111,B111
B12,B12
B13,B13
B14,B14
B15,B15
B16,B16
B17,B17
B2,B2
B20,B20
B24,B24
B25,B25
B26,B26
B3,B3
B31,B31
B32,B32
B35,B35
B36,B36
B37,B37
B38,B38
B39,B39
B4,B4
B41,B41
B42,B42
B43,B43
B44,B44
B44+,B44+
B45,B45
B46,B46
B46+,B46+
B47,B47
B48,B48
B49,B49
B52,B52
B54,B54
B57,B57
B6,B6
B60,B60
B61,B61
B62,B62
B63,B63
B64,B64
B65,B65
B67,B67
B68,B68
B69,B69
B7,B7
B70,B70
B74,B74
B8,B8
B82,B82
B82+,B82+
B83,B83
B84,B84
B9,B9
B90,B90
B91,B91
B91A,B91A
B92,B92
B93,B93
B94,B94
B96,B96
B98,B98
B98V,B98V
B99,B99
BM1,BM1
BM2,BM2
BM3,BM3
BM4,BM4
BM5,BM5
BX1,BX1
BX10,BX10
BX11,BX11
BX12,BX12
BX12+,BX12+
BX13,BX13
BX15,BX15
BX16,BX16
BX17,BX17
BX18,BX18
BX18A,BX18A
BX18B,BX18B
BX19,BX19
BX2,BX2
BX20,BX20
BX21,BX21
BX22,BX22
BX23,BX23
BX24,BX24
BX25,BX25
BX26,BX26
BX27,BX27
BX28,BX28
BX29,BX29
BX3,BX3
BX30,BX30
BX31,BX31
BX32,BX32
BX33,BX33
BX34,BX34
BX35,BX35
BX36,BX36
BX38,BX38
BX39,BX39
BX4,BX4
BX40,BX40
BX41,BX41
BX41+,BX41+
BX42,BX42
BX46,BX46
BX4A,BX4A
BX5,BX5
BX6,BX6
BX6+,BX6+
BX7,BX7
BX8,BX8
BX9,BX9
BX90,BX90
BX92,BX92
BX95,BX95
BX99,BX99
BXM1,BXM1
BXM10,BXM10
BXM11,BXM11
BXM18,BXM18
BXM2,BXM2
BXM3,BXM3
BXM4,BXM4
BXM6,BXM6
BXM7,BXM7
BXM8,BXM8
BXM9,BXM9
D90,D90
D99,D99
F1,F1
J90,J90
J99,J99
L90,L90
L91,L91
L92,L92
M1,M1
M10,M10
M100,M100
M101,M101
M102,M102
M103,M103
M104,M104
M106,M106
M11,M11
M116,M116
M12,M12
M125,M125
M14A,M14A
M14A+,M14A+
M14D,M14D
M14D+,M14D+
M15,M15
M15+,M15+
M2,M2
M20,M20
M21,M21
M22,M22
M23+,M23+
M3,M3
M31,M31
M34+,M34+
M34A+,M34A+
M35,M35
M4,M4
M42,M42
M5,M5
M50,M50
M55,M55
M57,M57
M60+,M60+
M66,M66
M7,M7
M72,M72
M79+,M79+
M8,M8
M86+,M86+
M9,M9
M90,M90
M96,M96
M98,M98
M99,M99
Q06,Q06
Q07,Q07
Q08,Q08
Q09,Q09
Q1,Q1
Q10,Q10
Q100,Q100
Q101,Q101
Q102,Q102
Q103,Q103
Q104,Q104
Q107,Q107
Q108,Q108
Q109,Q109
Q11,Q11
Q110,Q110
Q111,Q111
Q112,Q112
Q113,Q113
Q114,Q114
Q115,Q115
Q12,Q12
Q121,Q121
Q13,Q13
Q14,Q14
Q15,Q15
Q15A,Q15A
Q16,Q16
Q17,Q17
Q18,Q18
Q19,Q19
Q2,Q2
Q20,Q20
Q20A,Q20A
Q20B,Q20B
Q21,Q21
Q22,Q22
Q23,Q23
Q24,Q24
Q25,Q25
Q26,Q26
Q27,Q27
Q28,Q28
Q29,Q29
Q3,Q3
Q30,Q30
Q31,Q31
Q32,Q32
Q33,Q33
Q34,Q34
Q35,Q35
Q36,Q36
Q37,Q37
Q38,Q38
Q39,Q39
Q4,Q4
Q40,Q40
Q41,Q41
Q42,Q42
Q43,Q43
Q44+,Q44+
Q45,Q45
Q46,Q46
Q47,Q47
Q48,Q48
Q49,Q49
Q5,Q5
Q50,Q50
Q51,Q51
Q52+,Q52+
Q53+,Q53+
Q54,Q54
Q55,Q55
Q56,Q56
Q58,Q58
Q59,Q59
Q60,Q60
Q61,Q61
Q63,Q63
Q64,Q64
Q65,Q65
Q66,Q66
Q67,Q67
Q69,Q69
Q70+,Q70+
Q72,Q72
Q74,Q74
Q75,Q75
Q76,Q76
Q77,Q77
Q80,Q80
Q82,Q82
Q83,Q83
Q84,Q84
Q85,Q85
Q86,Q86
Q87,Q87
Q88,Q88
Q89,Q89
Q90,Q90
Q92,Q92
Q93,Q93
Q94,Q94
Q95,Q95
Q96,Q96
Q97,Q97
Q98,Q98
Q98V,Q98V
QM1,QM1
QM10,QM10
QM11,QM11
QM12,QM12
QM15,QM15
QM16,QM16
QM17,QM17
QM18,QM18
QM2,QM2
QM20,QM20
QM21,QM21
QM24,QM24
QM25,QM25
QM3,QM3
QM31,QM31
QM32,QM32
QM34,QM34
QM35,QM35
QM36,QM36
QM4,QM4
QM40,QM40
QM42,QM42
QM44,QM44
QM5,QM5
QM6,QM6
QM63,QM63
QM64,QM64
QM65,QM65
QM68,QM68
QM7,QM7
QM8,QM8
S40,S40
S42,S42
S44,S44
S46,S46
S48,S48
S51,S51
S52,S52
S53,S53
S54,S54
S55,S55
S56,S56
S57,S57
S59,S59
S61,S61
S62,S62
S66,S66
S74,S74
S76,S76
S78,S78
S79+,S79+
S81,S81
S84,S84
S86,S86
S89,S89
S90,S90
S91,S91
S92,S92
S93,S93
S94,S94
S96,S96
S98,S98
SIM1,SIM1
SIM10,SIM10
SIM11,SIM11
SIM15,SIM15
SIM1C,SIM1C
SIM2,SIM2
SIM22,SIM22
SIM23,SIM23
SIM24,SIM24
SIM25,SIM25
SIM26,SIM26
SIM3,SIM3
SIM30,SIM30
SIM31,SIM31
SIM32,SIM32
SIM33,SIM33
SIM33C,SIM33C
SIM34,SIM34
SIM35,SIM35
SIM3C,SIM3C
SIM4,SIM4
SIM4C,SIM4C
SIM4X,SIM4X
SIM5,SIM5
SIM5X,SIM5X
SIM6,SIM6
SIM6X,SIM6X
SIM7,SIM7
SIM8,SIM8
SIM8X,SIM8X
SIM9,SIM9
T113,T113
T426,T426
X1,X1
X10,X10
X10B,X10B
X11,X11
X12,X12
X14,X14
X15,X15
X17,X17
X17A,X17A
X17J,X17J
X19,X19
X2,X2
X21,X21
X22,X22
X22A,X22A
X27,X27
X28,X28
X3,X3
X30,X30
X31,X31
X37,X37
X38,X38
X4,X4
X42,X42
X5,X5
X63,X63
X64,X64
X68,X68
X7,X7
X8,X8
X9,X9
B102,B102
T321,T321
B116,B116
T117,T117
T127,T127
T232,T232
T260,T260
T320,T320
T323,T323
T354,T354
T403,T403
T430,T430
T464,T464
