node_id,name,street,from_street,to_street,borough,lat,lng
9007562,BEACH   25 STREET at ROCKAWAY FREEWAY,BEACH   25 STREET,ROCKAWAY FREEWAY,,Queens,40.59984656091094,-73.76154124795174
108911,KENT AVENUE at SOUTH    9 STREET,KENT AVENUE,SOUTH    9 STREET,,B,40.70919256100905,-73.9684800443029
9044510,BROADWAY at GRAHAM AVENUE,BROADWAY,GRAHAM AVENUE,,B,40.70100772434256,-73.94238994858162
55421,41 ROAD at COLLEGE POINT BOULEVARD,41 ROAD,COLLEGE POINT BOULEVARD,,Queens,40.75552181774326,-73.8333992481391
9328,DEAD END at DOE PLACE,DEAD END,DOE PLACE,,S,40.636600257660405,-74.11570438098532
58765,DEAD END at HOVENDEN ROAD,DEAD END,HOVENDEN ROAD,,Queens,40.71916925717442,-73.78112649190591
83393,67 DRIVE at QUEENS BOULEVARD,67 DRIVE,QUEENS BOULEVARD,,Queens,40.72622499987869,-73.85150362391158
70752,BEACH  106 STREET at ROCKAWAY FREEWAY,BEACH  106 STREET,ROCKAWAY FREEWAY,,Queens,40.58309723113965,-73.82794661117423
58494,68 AVENUE at 171 STREET,68 AVENUE,171 STREET,,Queens,40.7335510083295,-73.79851443310966
34175,132 STREET at LINDEN BOULEVARD,132 STREET,LINDEN BOULEVARD,,Queens,40.68179239389251,-73.8097910992715
24298,8 AVENUE at WEST  140 STREET,8 AVENUE,WEST  140 STREET,,Manhattan,40.819672668043864,-73.94423175262678
41788,31 AVENUE at 42 STREET,31 AVENUE,42 STREET,,Queens,40.760567738554215,-73.91549262581894
41787,31 AVENUE at 41 STREET,31 AVENUE,41 STREET,,Queens,40.76094527496487,-73.9162939534397
41745,30 AVENUE at 35 STREET,30 AVENUE,35 STREET,,Queens,40.76539419229151,-73.91818972862642
13755,20 AVENUE at 59 STREET,20 AVENUE,59 STREET,,B,40.619962605437046,-73.98228194057668
50172,69 AVENUE at GROTON STREET,69 AVENUE,GROTON STREET,,Queens,40.71745099428134,-73.85182140971102
93177,79 STREET at LINDEN BOULEVARD,79 STREET,LINDEN BOULEVARD,,Queens,40.67040345357698,-73.85628944386791
31569,80 STREET at 153 AVENUE,80 STREET,153 AVENUE,,Queens,40.665774107871165,-73.85413920094129
58840,HOVENDEN ROAD at SOMERSET STREET,HOVENDEN ROAD,SOMERSET STREET,,Queens,40.719246489714834,-73.7805470372618
46265,64 STREET at HICKS DRIVE,64 STREET,HICKS DRIVE,,Queens,40.74344768948723,-73.90090043656362
58488,172 STREET at JEWEL AVENUE,172 STREET,JEWEL AVENUE,,Queens,40.731393902040615,-73.79775682720394
55283,165 STREET at JEWEL AVENUE,165 STREET,JEWEL AVENUE,,Queens,40.73164198770745,-73.8040666606258
55368,167 STREET at HORACE HARDING EXPRESSWAY,167 STREET,HORACE HARDING EXPRESSWAY,,Queens,40.73804928762586,-73.80183466846499
32865,76 DRIVE at AUSTIN STREET,76 DRIVE,AUSTIN STREET,,Queens,40.71519766206752,-73.83612063965613
24018,ST CLAIRE PLACE at WEST  125 STREET,ST CLAIRE PLACE,WEST  125 STREET,,Manhattan,40.81700747307137,-73.95949328884907
51637,119 STREET at DEAD END,119 STREET,DEAD END,,Queens,40.771737284620606,-73.84888227246267
55334,77 ROAD at 167 STREET,77 ROAD,167 STREET,,Queens,40.72431663483619,-73.8014627636902
41865,28 AVENUE at 41 STREET,28 AVENUE,41 STREET,,Queens,40.76510282897699,-73.91290043687536
50290,67 DRIVE at YELLOWSTONE BOULEVARD,67 DRIVE,YELLOWSTONE BOULEVARD,,Queens,40.727025177767835,-73.84888232820776
58919,188 STREET at HENLEY ROAD,188 STREET,HENLEY ROAD,,Queens,40.71783802984749,-73.77490589543767
50403,67 ROAD at 112 STREET,67 ROAD,112 STREET,,Queens,40.72961855358969,-73.84274865499701
35598,BEACH   44 STREET at ROCKAWAY FREEWAY,BEACH   44 STREET,ROCKAWAY FREEWAY,,Queens,40.593056030877385,-73.77531718386827
31576,80 STREET at 151 AVENUE,80 STREET,151 AVENUE,,Queens,40.66731213356486,-73.85451984151754
31635,82 STREET at 153 AVENUE,82 STREET,153 AVENUE,,Queens,40.6660514610027,-73.85221453811283
7656,HUNTER AVENUE at IDLEASE PLACE,HUNTER AVENUE,IDLEASE PLACE,,S,40.57752610640093,-74.09613172537684
31058,80 STREET at 157 AVENUE,80 STREET,157 AVENUE,,Queens,40.65992395650777,-73.85275092330639
50293,67 DRIVE at 108 STREET,67 DRIVE,108 STREET,,Queens,40.72762043436557,-73.8468732658581
45375,48 AVENUE at 66 STREET,48 AVENUE,66 STREET,,Queens,40.738420079533434,-73.89889701306677
13980,54 STREET at FT HAMILTON PARKWAY,54 STREET,FT HAMILTON PARKWAY,,B,40.63597757269682,-74.0012405462426
24034,RIVERSIDE DRIVE at WEST  131 STREET,RIVERSIDE DRIVE,WEST  131 STREET,,Manhattan,40.818758253245214,-73.9597720673608
24293,8 AVENUE at WEST  136 STREET,8 AVENUE,WEST  136 STREET,,Manhattan,40.81717583904332,-73.94605577960384
59045,GRAND CENTRAL PKWY EB ET   20 B at MC LAUGHLIN AVENUE,GRAND CENTRAL PKWY EB ET   20 B,MC LAUGHLIN AVENUE,,Queens,40.72509179445921,-73.76707828749299
58486,171 STREET at JEWEL AVENUE,171 STREET,JEWEL AVENUE,,Queens,40.73142836723454,-73.79865761316654
50170,69 AVENUE at INGRAM STREET,69 AVENUE,INGRAM STREET,,Queens,40.71616370365584,-73.85263477162258
35565,BEACH   47 STREET at ROCKAWAY FREEWAY,BEACH   47 STREET,ROCKAWAY FREEWAY,,Queens,40.59279133643901,-73.77786788493331
58922,CAMBRIDGE ROAD at CHEVY CHASE STREET,CAMBRIDGE ROAD,CHEVY CHASE STREET,,Queens,40.71877024611003,-73.77636882591902
32970,ROCKAWAY FREEWAY at SEASIDE AVENUE,ROCKAWAY FREEWAY,SEASIDE AVENUE,,Queens,40.58413229344928,-73.8241919001784
31039,79 STREET at 157 AVENUE,79 STREET,157 AVENUE,,Queens,40.6593161056129,-73.8535469029234
58932,MC LAUGHLIN AVENUE at SANTIAGO STREET,MC LAUGHLIN AVENUE,SANTIAGO STREET,,Queens,40.721692878553206,-73.77573030057977
26942,HERKIMER STREET at SUYDAM PLACE,HERKIMER STREET,SUYDAM PLACE,,B,40.678377224656614,-73.92649133651774
13977,57 STREET at FT HAMILTON PARKWAY,57 STREET,FT HAMILTON PARKWAY,,B,40.6345383560221,-74.00338868309856
40563,MONITOR STREET at DRIGGS AVENUE,MONITOR STREET,DRIGGS AVENUE,,B,40.72327345980998,-73.94222183363559
50394,67 ROAD at 110 STREET,67 ROAD,110 STREET,,Queens,40.7289005579367,-73.84515803260835
67539,119 STREET at DEAD END,119 STREET,DEAD END,,Queens,40.77303953032085,-73.84878568133983
9007542,BEACH   44 STREET at ROCKAWAY FREEWAY,BEACH   44 STREET,ROCKAWAY FREEWAY,,Queens,40.59301394727199,-73.77531292030861
50522,67 ROAD at GRAND CENTRL PARKWAY,67 ROAD,GRAND CENTRL PARKWAY,,Queens,40.72999809345239,-73.84146810873972
51670,25 AVENUE at COLLEGE POINT BOULEVARD,25 AVENUE,COLLEGE POINT BOULEVARD,,Queens,40.776905721050966,-73.84622255736176
41187,54 STREET at QUEENS BOULEVARD,54 STREET,QUEENS BOULEVARD,,Queens,40.742274938400236,-73.91104536601972
51477,36 AVENUE at COLLEGE POINT BOULEVARD,36 AVENUE,COLLEGE POINT BOULEVARD,,Queens,40.76210421840718,-73.83542617735836
82135,67 AVENUE at QUEENS BOULEVARD,67 AVENUE,QUEENS BOULEVARD,,Queens,40.72713580144384,-73.85358460972735
7982,ANNFIELD COURT at PALACE COURT,ANNFIELD COURT,PALACE COURT,,S,40.60078167297213,-74.10582614294692
54828,141 STREET at JEWEL AVENUE,141 STREET,JEWEL AVENUE,,Queens,40.72960686198693,-73.82488139152754
45379,49 AVENUE at 67 STREET,49 AVENUE,67 STREET,,Queens,40.73768026511862,-73.89773211377823
50300,66 ROAD at 110 STREET,66 ROAD,110 STREET,,Queens,40.73026191660458,-73.84576537958031
14114,FT HAMILTON PARKWAY at NEW UTRECHT AVENUE,FT HAMILTON PARKWAY,NEW UTRECHT AVENUE,,B,40.640600288402545,-73.99433124226066
32471,69 AVENUE at KESSEL STREET,69 AVENUE,KESSEL STREET,,Queens,40.71487685554019,-73.853446704621
23835,EAST  109 STREET at LEXINGTON AVENUE,EAST  109 STREET,LEXINGTON AVENUE,,Manhattan,40.79417863222323,-73.94486588614613
55406,BOTANICAL GARDEN BRIDGE at COLLEGE POINT BOULEVARD,BOTANICAL GARDEN BRIDGE,COLLEGE POINT BOULEVARD,,Queens,40.749313494015404,-73.83277623921062
49990,FLEET STREET at THORNTON PLACE,FLEET STREET,THORNTON PLACE,,Queens,40.71986886838089,-73.85665222419458
41543,28 STREET at 36 AVENUE,28 STREET,36 AVENUE,,Queens,40.75771038572084,-73.93215200304469
24308,8 AVENUE at WEST  142 STREET,8 AVENUE,WEST  142 STREET,,Manhattan,40.82091720542062,-73.94332134231864
54818,71 AVENUE at 141 STREET,71 AVENUE,141 STREET,,Queens,40.72739731688591,-73.8246391535109
41698,43 AVENUE at 45 STREET,43 AVENUE,45 STREET,,Queens,40.74500963664665,-73.91927526037749
31567,79 STREET at 153 AVENUE,79 STREET,153 AVENUE,,Queens,40.66564536455391,-73.85508974311087
37522,DALNY ROAD at WEXFORD TERRACE,DALNY ROAD,WEXFORD TERRACE,,Queens,40.7152008404485,-73.7784662068467
34267,134 STREET at FOCH BOULEVARD,134 STREET,FOCH BOULEVARD,,Queens,40.677048391968974,-73.80546094137961
55325,167 STREET at UNION TURNPIKE,167 STREET,UNION TURNPIKE,,Queens,40.722647488276834,-73.80105447454469
34472,AUSTIN STREET at UNION TURNPIKE,AUSTIN STREET,UNION TURNPIKE,,Queens,40.71310731088641,-73.83373927797723
41922,31 AVENUE at HOBART STREET,31 AVENUE,HOBART STREET,,Queens,40.75719499757243,-73.90826756270613
45496,49 AVENUE at 69 STREET,49 AVENUE,69 STREET,,Queens,40.73763927133414,-73.89592985111682
7822,TODT HILL ROAD at WHITWELL PLACE,TODT HILL ROAD,WHITWELL PLACE,,S,40.60013620039767,-74.11300822685934
51643,30 AVENUE at 120 STREET,30 AVENUE,120 STREET,,Queens,40.77138907543394,-73.84797022590311
9034507,COLLEGE POINT BOULEVARD at V WK EXPWY WHTSTN EXPWY RAMP,COLLEGE POINT BOULEVARD,V WK EXPWY WHTSTN EXPWY RAMP,,Queens,40.76647132479831,-73.83830498860264
32469,69 AVENUE at MANSE STREET,69 AVENUE,MANSE STREET,,Queens,40.71359360567291,-73.85426030256968
41013,41 STREET at 47 AVENUE,41 STREET,47 AVENUE,,Queens,40.74169150029967,-73.92373909534749
45293,43 AVENUE at 65 STREET,43 AVENUE,65 STREET,,Queens,40.74206643448714,-73.90035470496869
58752,DALNY ROAD at MIDLAND PARKWAY,DALNY ROAD,MIDLAND PARKWAY,,Queens,40.716356046651235,-73.78417466631116
41801,28 AVENUE at 38 STREET,28 AVENUE,38 STREET,,Queens,40.76585639961804,-73.91449902452608
58503,67 AVENUE at 171 STREET,67 AVENUE,171 STREET,,Queens,40.73469030526951,-73.79844189940609
51671,23 AVENUE at COLLEGE POINT BOULEVARD,23 AVENUE,COLLEGE POINT BOULEVARD,,Queens,40.77860532015495,-73.84611275142771
34476,78 AVENUE at KEW FOREST LANE,78 AVENUE,KEW FOREST LANE,,Queens,40.71430661969798,-73.83303465265654
45283,48 AVENUE at 65 PLACE,48 AVENUE,65 PLACE,,Queens,40.738440190608635,-73.89986900013949
34471,78 AVENUE at AUSTIN STREET,78 AVENUE,AUSTIN STREET,,Queens,40.71363154802932,-73.83431669454285
49988,FLEET STREET at SELFRIDGE STREET,FLEET STREET,SELFRIDGE STREET,,Queens,40.71967683368091,-73.85747925156224
55331,77 ROAD at 166 STREET,77 ROAD,166 STREET,,Queens,40.724117584096675,-73.80233637876852
45369,68 STREET at MAURICE AVENUE,68 STREET,MAURICE AVENUE,,Queens,40.73508660113124,-73.89691187983378
41555,21 STREET at 33 AVENUE,21 STREET,33 AVENUE,,Queens,40.76463927698615,-73.93224923980537
105836,156 AVENUE at BELT PARKWAY,156 AVENUE,BELT PARKWAY,,Queens,40.662475649972585,-73.84957323432077
41850,31 AVENUE at 47 STREET,31 AVENUE,47 STREET,,Queens,40.758692942556316,-73.91148963465156
8861,DEERE PARK PLACE at MOHN PLACE,DEERE PARK PLACE,MOHN PLACE,,S,40.60588320708266,-74.10459498475255
51743,123 STREET at COLLEGE POINT BOULEVARD,123 STREET,COLLEGE POINT BOULEVARD,,Queens,40.77309464879226,-73.84552608435571
42464,8 AVENUE at WEST  144 STREET,8 AVENUE,WEST  144 STREET,,Manhattan,40.82216440970206,-73.9424106478961
32867,77 AVENUE at AUSTIN STREET,77 AVENUE,AUSTIN STREET,,Queens,40.714651099966154,-73.83551698904303
58556,75 AVENUE at 175 STREET,75 AVENUE,175 STREET,,Queens,40.72802759749052,-73.7948061277792
41947,41 STREET at ASTORIA BOULEVARD,41 STREET,ASTORIA BOULEVARD,,Queens,40.769248704063756,-73.9091089856275
31634,81 STREET at 155 AVENUE,81 STREET,155 AVENUE,,Queens,40.66424998368368,-73.85279622182166
41547,29 STREET at 35 AVENUE,29 STREET,35 AVENUE,,Queens,40.75887986959845,-73.93009994168679
24297,8 AVENUE at WEST  139 STREET,8 AVENUE,WEST  139 STREET,,Manhattan,40.81904714121841,-73.94468683925906
58549,174 STREET at UNION TURNPIKE,174 STREET,UNION TURNPIKE,,Queens,40.72467587780746,-73.7951156173736
41873,38 STREET at ASTORIA BOULEVARD,38 STREET,ASTORIA BOULEVARD,,Queens,40.769010153040995,-73.9119402602192
55370,167 STREET at HORACE HARDING EXPRESSWAY,167 STREET,HORACE HARDING EXPRESSWAY,,Queens,40.73856376822207,-73.80178836303624
54723,136 STREET at JEWEL AVENUE,136 STREET,JEWEL AVENUE,,Queens,40.72828450112619,-73.82940008858947
58847,CHEVY CHASE STREET at HOVENDEN ROAD,CHEVY CHASE STREET,HOVENDEN ROAD,,Queens,40.72025617990728,-73.77828597661616
41813,35 STREET at ASTORIA BOULEVARD,35 STREET,ASTORIA BOULEVARD,,Queens,40.77005413131416,-73.91439800296612
14100,47 STREET at NEW UTRECHT AVENUE,47 STREET,NEW UTRECHT AVENUE,,B,40.63830863163056,-73.99453635912911
58493,69 AVENUE at 171 STREET,69 AVENUE,171 STREET,,Queens,40.732857565874994,-73.79856392938974
19414,KENT AVENUE at SOUTH   11 STREET,KENT AVENUE,SOUTH   11 STREET,,B,40.70775413908217,-73.96841310521349
83668,65 STREET at BROOKLYN QUEENS EXPRESSWAY EN SB,65 STREET,BROOKLYN QUEENS EXPRESSWAY EN SB,,Queens,40.741140335850865,-73.90054386421076
55420,COLLEGE POINT BOULEVARD at SANFORD AVENUE,COLLEGE POINT BOULEVARD,SANFORD AVENUE,,Queens,40.75466142266581,-73.83310291312601
7979,DEAD END at WESTMINSTER COURT,DEAD END,WESTMINSTER COURT,,S,40.60097940117948,-74.10764759866795
58554,74 AVENUE at 175 STREET,74 AVENUE,175 STREET,,Queens,40.72891913204062,-73.79497935638037
54817,70 AVENUE at 141 STREET,70 AVENUE,141 STREET,,Queens,40.72883496382219,-73.82475204950642
58688,HENLEY ROAD at MIDLAND PARKWAY,HENLEY ROAD,MIDLAND PARKWAY,,Queens,40.71780609949238,-73.78489753795807
41735,31 AVENUE at 35 STREET,31 AVENUE,35 STREET,,Queens,40.76282270343773,-73.92028343686519
43741,AMSTERDAM AVENUE at WEST  183 STREET,AMSTERDAM AVENUE,WEST  183 STREET,,Manhattan,40.84931342923114,-73.93001356609496
58470,77 ROAD at 170 STREET,77 ROAD,170 STREET,,Queens,40.72491147366277,-73.79883581826887
41820,51 STREET at SKILLMAN AVENUE,51 STREET,SKILLMAN AVENUE,,Queens,40.746030566544505,-73.913372640864
41625,23 STREET at 29 AVENUE,23 STREET,29 AVENUE,,Queens,40.769902465441284,-73.9259624736815
41559,25 STREET at 33 AVENUE,25 STREET,33 AVENUE,,Queens,40.762828331723675,-73.92899790665204
9007547,BEACH   41 STREET at ROCKAWAY FREEWAY,BEACH   41 STREET,ROCKAWAY FREEWAY,,Queens,40.59328017267113,-73.77271077429018
19885,DEVOE STREET at LEONARD STREET,DEVOE STREET,LEONARD STREET,,B,40.713476888811165,-73.94759645839812
58939,193 STREET at MC LAUGHLIN AVENUE,193 STREET,MC LAUGHLIN AVENUE,,Queens,40.72248105731884,-73.77359849369039
51640,29 AVENUE at 120 STREET,29 AVENUE,120 STREET,,Queens,40.77198445367498,-73.84795029379218
41888,43 AVENUE at 58 STREET,43 AVENUE,58 STREET,,Queens,40.743217538467015,-73.90715950019504
7981,ANNFIELD COURT at SHADY ROAD,ANNFIELD COURT,SHADY ROAD,,S,40.60093592883316,-74.10623035296162
31577,81 STREET at 151 AVENUE,81 STREET,151 AVENUE,,Queens,40.66744388940664,-73.8535845464093
34166,117 ROAD at 132 STREET,117 ROAD,132 STREET,,Queens,40.67533514070054,-73.80659831079522
26772,ALBANY AVENUE at HERKIMER STREET,ALBANY AVENUE,HERKIMER STREET,,B,40.67903431993925,-73.93850818903397
13543,54 STREET at NEW UTRECHT AVENUE,54 STREET,NEW UTRECHT AVENUE,,B,40.632391210757554,-73.9952928375419
55330,77 ROAD at 166 STREET,77 ROAD,166 STREET,,Queens,40.723899674005445,-73.80229138376878
34107,128 STREET at LINDEN BOULEVARD,128 STREET,LINDEN BOULEVARD,,Queens,40.681005196860234,-73.8125612541914
41942,41 STREET at ASTORIA BOULEVARD,41 STREET,ASTORIA BOULEVARD,,Queens,40.76869723493192,-73.90998006205866
485,LUNDSTEN AVENUE at MURIEL STREET,LUNDSTEN AVENUE,MURIEL STREET,,S,40.53874233910911,-74.23563148838713
34182,134 STREET at LINCOLN STREET,134 STREET,LINCOLN STREET,,Queens,40.68186219537264,-73.80781987425088
43320,ST NICHOLAS PLACE at WEST  152 STREET,ST NICHOLAS PLACE,WEST  152 STREET,,Manhattan,40.82844730636877,-73.94154046038996
46154,41 AVENUE at 58 STREET,41 AVENUE,58 STREET,,Queens,40.744659009424396,-73.90680515358898
45380,48 AVENUE at 67 STREET,48 AVENUE,67 STREET,,Queens,40.738393714795485,-73.89770633322728
49982,66 AVENUE at FLEET STREET,66 AVENUE,FLEET STREET,,Queens,40.71954363491846,-73.85912872813276
45497,48 AVENUE at 69 STREET,48 AVENUE,69 STREET,,Queens,40.73835360094866,-73.89590166080052
34162,131 STREET at FOCH BOULEVARD,131 STREET,FOCH BOULEVARD,,Queens,40.67629717507445,-73.80810117574887
24109,BROADWAY at WEST  133 STREET,BROADWAY,WEST  133 STREET,,Manhattan,40.8188019864261,-73.95602024283176
54814,70 ROAD at 137 STREET,70 ROAD,137 STREET,,Queens,40.72713909170601,-73.82767258148861
58757,AVON STREET at DALNY ROAD,AVON STREET,DALNY ROAD,,Queens,40.7161912208055,-73.78152711302326
19868,LORIMER STREET at SCHOLES STREET,LORIMER STREET,SCHOLES STREET,,B,40.70830562673567,-73.94842105679766
41607,29 STREET at 33 AVENUE,29 STREET,33 AVENUE,,Queens,40.76209797693526,-73.92749201894013
31571,81 STREET at 153 AVENUE,81 STREET,153 AVENUE,,Queens,40.66590621168375,-73.85320238965967
22381,BAYARD STREET at GRAHAM AVENUE,BAYARD STREET,GRAHAM AVENUE,,B,40.720159046173336,-73.94604114730798
41858,30 AVENUE at 41 STREET,30 AVENUE,41 STREET,,Queens,40.76351598502058,-73.9141939581595
41798,28 AVENUE at 35 STREET,28 AVENUE,35 STREET,,Queens,40.76698172087449,-73.91689619420593
41396,28 STREET at 40 AVENUE,28 STREET,40 AVENUE,,Queens,40.75267193240943,-73.93640153000204
35635,BEACH   41 STREET at ROCKAWAY FREEWAY,BEACH   41 STREET,ROCKAWAY FREEWAY,,Queens,40.59332111308478,-73.7727134075196
22373,GRAHAM AVENUE at JACKSON STREET,GRAHAM AVENUE,JACKSON STREET,,B,40.71664860685983,-73.9447336988203
41616,23 STREET at 31 AVENUE,23 STREET,31 AVENUE,,Queens,40.76671423921504,-73.92855636647407
65252,51 STREET at UNNAMED STREET,51 STREET,UNNAMED STREET,,Queens,40.74480577036555,-73.91362629680239
17241,20 AVENUE at AVENUE I,20 AVENUE,AVENUE I,,B,40.62597634992293,-73.97623453725775
50399,67 AVENUE at 110 STREET,67 AVENUE,110 STREET,,Queens,40.729500800133096,-73.84570682952089
22331,MESEROLE AVENUE at MOULTRIE STREET,MESEROLE AVENUE,MOULTRIE STREET,,B,40.729030550669876,-73.94684059464858
81742,VAN WYCK EP NB EN COLLEGE PT BL at COLLEGE POINT BOULEVARD,VAN WYCK EP NB EN COLLEGE PT BL,COLLEGE POINT BOULEVARD,,Queens,40.74807610452448,-73.83321661149206
54800,78 ROAD at PARK DRIVE EAST,78 ROAD,PARK DRIVE EAST,,Queens,40.71869066219246,-73.8254869257822
51851,20 AVENUE at 130 STREET,20 AVENUE,130 STREET,,Queens,40.7816769564632,-73.8386992134576
41462,28 STREET at 39 AVENUE,28 STREET,39 AVENUE,,Queens,40.75393058841892,-73.9352397538669
55342,75 AVENUE at 168 STREET,75 AVENUE,168 STREET,,Queens,40.72749414771023,-73.80115809212663
70735,BEACH   98 STREET at ROCKAWAY FREEWAY,BEACH   98 STREET,ROCKAWAY FREEWAY,,Queens,40.58547449942015,-73.82014745508778
58916,87 ROAD at CHELSEA STREET,87 ROAD,CHELSEA STREET,,Queens,40.715985389234724,-73.77641390094806
58843,CAMBRIDGE ROAD at SOMERSET STREET,CAMBRIDGE ROAD,SOMERSET STREET,,Queens,40.71890218096102,-73.78042542554614
41092,45 STREET at GREENPOINT AVENUE,45 STREET,GREENPOINT AVENUE,,Queens,40.74181165494083,-73.91991805903972
19418,SOUTH    9 STREET at WYTHE AVENUE,SOUTH    9 STREET,WYTHE AVENUE,,B,40.70905426905465,-73.96710408059448
31040,79 STREET at 157 AVENUE,79 STREET,157 AVENUE,,Queens,40.66062386398468,-73.85387929987154
41847,31 AVENUE at 45 STREET,31 AVENUE,45 STREET,,Queens,40.7594381738987,-73.91308659846544
41920,31 AVENUE at 49 STREET,31 AVENUE,49 STREET,,Queens,40.75794765665636,-73.90988590074976
34103,115 AVENUE at 128 STREET,115 AVENUE,128 STREET,,Queens,40.67925520195023,-73.81170429994685
54827,140 STREET at JEWEL AVENUE,140 STREET,JEWEL AVENUE,,Queens,40.729445178598745,-73.82550577983568
41853,31 AVENUE at 44 STREET,31 AVENUE,44 STREET,,Queens,40.75981817397936,-73.91389659896923
19960,DEVOE STREET at GRAHAM AVENUE,DEVOE STREET,GRAHAM AVENUE,,B,40.71379532932893,-73.94426447872085
13640,16 AVENUE at 56 STREET,16 AVENUE,56 STREET,,B,40.627117123380934,-73.98959063559595
51847,20 AVENUE at 128 STREET,20 AVENUE,128 STREET,,Queens,40.78169310208431,-73.84050398424797
41852,31 AVENUE at 48 STREET,31 AVENUE,48 STREET,,Queens,40.758318979972664,-73.91068364319395
54793,78 DRIVE at PARK DRIVE EAST,78 DRIVE,PARK DRIVE EAST,,Queens,40.71799986560567,-73.82545983252938
65561,GRAHAM AVENUE at HERBERT STREET,GRAHAM AVENUE,HERBERT STREET,,B,40.718873604267515,-73.9451077972995
32945,BEACH  104 STREET at NYCTA,BEACH  104 STREET,NYCTA,,Queens,40.58375961052682,-73.82553205535149
10812,FRONT STREET at THOMPSON STREET,FRONT STREET,THOMPSON STREET,,S,40.626113696543925,-74.07397539535529
41185,52 STREET at QUEENS BOULEVARD,52 STREET,QUEENS BOULEVARD,,Queens,40.74248225002105,-73.91289084332983
51845,20 AVENUE at 127 STREET,20 AVENUE,127 STREET,,Queens,40.78169142486903,-73.84140928968777
41792,30 AVENUE at 38 STREET,30 AVENUE,38 STREET,,Queens,40.764267771016165,-73.91579117442271
50198,67 AVENUE at 102 STREET,67 AVENUE,102 STREET,,Queens,40.72769714589407,-73.85177767493934
9008367,BEACH   47 STREET at ROCKAWAY FREEWAY,BEACH   47 STREET,ROCKAWAY FREEWAY,,Queens,40.592756695888774,-73.77785995301271
8908,BARD AVENUE at HERKIMER STREET,BARD AVENUE,HERKIMER STREET,,S,40.62368228663052,-74.10425644038473
41558,23 STREET at BROADWAY,23 STREET,BROADWAY,,Queens,40.7644907502494,-73.93036546161338
19985,CHAMBERS STREET at RIVER TERRACE,CHAMBERS STREET,RIVER TERRACE,,Manhattan,40.71812401678958,-74.01499898416705
58491,73 AVENUE at 174 STREET,73 AVENUE,174 STREET,,Queens,40.729441182080755,-73.79602664102153
58753,HENLEY ROAD at RADNOR ROAD,HENLEY ROAD,RADNOR ROAD,,Queens,40.71791818921894,-73.78379817787501
34183,LINCOLN STREET at LINDEN BOULEVARD,LINCOLN STREET,LINDEN BOULEVARD,,Queens,40.682363998714145,-73.80777114614304
34190,135 STREET at LINDEN BOULEVARD,135 STREET,LINDEN BOULEVARD,,Queens,40.68253902078108,-73.80715626308925
31645,82 STREET at 149 AVENUE,82 STREET,149 AVENUE,,Queens,40.66914428794506,-73.85298173169939
23833,EAST  107 STREET at LEXINGTON AVENUE,EAST  107 STREET,LEXINGTON AVENUE,,Manhattan,40.79292144721661,-73.94578426434961
58490,173 STREET at JEWEL AVENUE,173 STREET,JEWEL AVENUE,,Queens,40.731359656137705,-73.79685672807378
45273,48 AVENUE at 64 STREET,48 AVENUE,64 STREET,,Queens,40.73848843253087,-73.90178463225443
9008376,BEACH   35 STREET at ROCKAWAY FREEWAY,BEACH   35 STREET,ROCKAWAY FREEWAY,,Queens,40.59574759834164,-73.76759360599515
41087,45 STREET at 48 AVENUE,45 STREET,48 AVENUE,,Queens,40.739417310970396,-73.9203950839007
34185,115 AVENUE at 135 STREET,115 AVENUE,135 STREET,,Queens,40.68078906496177,-73.80629822302478
67917,138 STREET at DEAD END,138 STREET,DEAD END,,Queens,40.71606981209075,-73.82155077709052
50094,67 ROAD at AUSTIN STREET,67 ROAD,AUSTIN STREET,,Queens,40.72372617959014,-73.85454245794534
55252,81 AVENUE at 164 STREET,81 AVENUE,164 STREET,,Queens,40.72045599512673,-73.80426489134909
34263,135 STREET at ROCKAWAY BOULEVARD,135 STREET,ROCKAWAY BOULEVARD,,Queens,40.674520827949536,-73.80320416431317
24023,HENRY HUDSON PARKWAY NB ET   12 at 12 AVENUE,HENRY HUDSON PARKWAY NB ET   12,12 AVENUE,,Manhattan,40.81764868478528,-73.96102015690698
34098,127 STREET at FOCH BOULEVARD,127 STREET,FOCH BOULEVARD,,Queens,40.675520685013716,-73.81087945440724
58472,171 STREET at UNION TURNPIKE,171 STREET,UNION TURNPIKE,,Queens,40.72382450266618,-73.79760902206169
50179,69 AVENUE at DARTMOUTH STREET,69 AVENUE,DARTMOUTH STREET,,Queens,40.71938084747561,-73.85060481959698
54821,68 DRIVE at 140 STREET,68 DRIVE,140 STREET,,Queens,40.73138164747445,-73.82670613658644
14121,42 STREET at NEW UTRECHT AVENUE,42 STREET,NEW UTRECHT AVENUE,,B,40.64271029912259,-73.99427350282205
50190,67 DRIVE at QUEENS BOULEVARD,67 DRIVE,QUEENS BOULEVARD,,Queens,40.72607746660223,-73.8516699166421
34477,78 AVENUE at KEW FOREST LANE,78 AVENUE,KEW FOREST LANE,,Queens,40.7144338175947,-73.83314684701172
35679,BEACH   35 STREET at ROCKAWAY FREEWAY,BEACH   35 STREET,ROCKAWAY FREEWAY,,Queens,40.59578605801011,-73.76760118178211
70746,BEACH  102 STREET at ROCKAWAY FREEWAY,BEACH  102 STREET,ROCKAWAY FREEWAY,,Queens,40.58438809929285,-73.82327201597226
50084,FLEET STREET at YELLOWSTONE BOULEVARD,FLEET STREET,YELLOWSTONE BOULEVARD,,Queens,40.71970203178202,-73.8558237290601
34255,117 ROAD at 133 STREET,117 ROAD,133 STREET,,Queens,40.67552230551853,-73.80571239282146
46346,65 PLACE at WOODSIDE AVENUE,65 PLACE,WOODSIDE AVENUE,,Queens,40.74348730176191,-73.89907409573703
27960,GATES AVENUE at WYCKOFF AVENUE,GATES AVENUE,WYCKOFF AVENUE,,B,40.699938002241616,-73.91180820088921
41683,25 STREET at 28 AVENUE,25 STREET,28 AVENUE,,Queens,40.76987061515388,-73.92408130574672
41832,52 STREET at BARNETT AVENUE,52 STREET,BARNETT AVENUE,,Queens,40.74997941064017,-73.91162522313387
55245,82 ROAD at 164 STREET,82 ROAD,164 STREET,,Queens,40.71780101561201,-73.80357239031021
54825,69 ROAD at 140 STREET,69 ROAD,140 STREET,,Queens,40.73010489686754,-73.82584239279674
41266,58 STREET at QUEENS BOULEVARD,58 STREET,QUEENS BOULEVARD,,Queens,40.741862248067505,-73.90750569641939
58987,85 ROAD at MC LAUGHLIN AVENUE,85 ROAD,MC LAUGHLIN AVENUE,,Queens,40.72360968417738,-73.77122329604009
50195,67 ROAD at QUEENS BOULEVARD,67 ROAD,QUEENS BOULEVARD,,Queens,40.7265694003814,-73.85264012119438
42201,23 STREET at ASTORIA BOULEVARD,23 STREET,ASTORIA BOULEVARD,,Queens,40.77177595709695,-73.92444128039068
41464,29 STREET at 39 AVENUE,29 STREET,39 AVENUE,,Queens,40.75352138667543,-73.9344702649955
41812,35 STREET at GRAND CENTRAL PARKWAY ET    3 WB,35 STREET,GRAND CENTRAL PARKWAY ET    3 WB,,Queens,40.76991934461426,-73.91450810591235
19941,MANHATTAN AVENUE at SCHOLES STREET,MANHATTAN AVENUE,SCHOLES STREET,,B,40.70862519770241,-73.94512445041069
34259,120 AVENUE at 134 STREET,120 AVENUE,134 STREET,,Queens,40.67530127220069,-73.8046161121266
55355,170 STREET at JEWEL AVENUE,170 STREET,JEWEL AVENUE,,Queens,40.73146341441977,-73.79956052909041
31574,79 STREET at 151 AVENUE,79 STREET,151 AVENUE,,Queens,40.66718306085132,-73.8554694594685
42134,14 STREET at 28 AVENUE,14 STREET,28 AVENUE,,Queens,40.77214955285895,-73.92899235358081
41817,43 AVENUE at 52 STREET,43 AVENUE,52 STREET,,Queens,40.74416659840205,-73.91247980406226
51498,34 AVENUE at COLLEGE POINT BOULEVARD,34 AVENUE,COLLEGE POINT BOULEVARD,,Queens,40.76508683729731,-73.83703568073014
54726,70 AVENUE at 137 STREET,70 AVENUE,137 STREET,,Queens,40.72779623144348,-73.82810170619449
58482,75 AVENUE at 173 STREET,75 AVENUE,173 STREET,,Queens,40.7276556040646,-73.79663324219929
51425,60 AVENUE at COLLEGE POINT BOULEVARD,60 AVENUE,COLLEGE POINT BOULEVARD,,Queens,40.744175762417726,-73.83584967731696
66699,78 STREET at 156 AVENUE,78 STREET,156 AVENUE,,Queens,40.66212550293757,-73.85525663958322
22383,GRAHAM AVENUE at MEEKER AVENUE,GRAHAM AVENUE,MEEKER AVENUE,,B,40.71956728630714,-73.94560358921574
51497,32 AVENUE at COLLEGE POINT BOULEVARD,32 AVENUE,COLLEGE POINT BOULEVARD,,Queens,40.766436077458565,-73.83766223090008
69838,128 STREET at BEND,128 STREET,BEND,,Queens,40.67524044730546,-73.80973928005942
22385,GRAHAM AVENUE at MEEKER AVENUE,GRAHAM AVENUE,MEEKER AVENUE,,B,40.71923235118722,-73.94535755222866
41554,29 STREET at 34 AVENUE,29 STREET,34 AVENUE,,Queens,40.76042145306156,-73.92884954874486
46262,63 STREET at HICKS DRIVE,63 STREET,HICKS DRIVE,,Queens,40.744006439112695,-73.90150209404035
50404,66 ROAD at GRAND CENTRL PARKWAY,66 ROAD,GRAND CENTRL PARKWAY,,Queens,40.73115341171815,-73.84281412617851
34261,120 AVENUE at 135 STREET,120 AVENUE,135 STREET,,Queens,40.67557430998108,-73.80370673237417
26939,HERKIMER STREET at ROCHESTER AVENUE,HERKIMER STREET,ROCHESTER AVENUE,,B,40.678427896587166,-73.92742752963457
15087,NEVINS STREET at STATE STREET,NEVINS STREET,STATE STREET,,B,40.686720453371414,-73.9822316465541
58839,BARRINGTON STREET at HENLEY ROAD,BARRINGTON STREET,HENLEY ROAD,,Queens,40.71801428096921,-73.77811276701345
58474,173 STREET at UNION TURNPIKE,173 STREET,UNION TURNPIKE,,Queens,40.72441407181152,-73.79588157138039
41811,35 STREET at GRAND CENTRAL PARKWAY,35 STREET,GRAND CENTRAL PARKWAY,,Queens,40.76975493059932,-73.9146416619207
27367,DEVOE STREET at HUMBOLDT STREET,DEVOE STREET,HUMBOLDT STREET,,B,40.71395548722538,-73.94258293721313
54815,138 STREET at JEWEL AVENUE,138 STREET,JEWEL AVENUE,,Queens,40.728864170731946,-73.82754560302533
41387,29 STREET at 41 AVENUE,29 STREET,41 AVENUE,,Queens,40.75100472149581,-73.93680117411824
41091,45 STREET at 47 AVENUE,45 STREET,47 AVENUE,,Queens,40.74126165665146,-73.92002840124972
51494,32 AVENUE at COLLEGE POINT BOULEVARD,32 AVENUE,COLLEGE POINT BOULEVARD,,Queens,40.76633726799704,-73.83802905457209
41810,35 STREET at GRAND CENTRAL PKWY EB EN   33 ST,35 STREET,GRAND CENTRAL PKWY EB EN   33 ST,,Queens,40.76960140537142,-73.9147655512198
15238,BEAVER STREET at WILLIAM STREET,BEAVER STREET,WILLIAM STREET,,Manhattan,40.7051477330608,-74.00998418639021
27990,53 STREET at FLUSHING AVENUE,53 STREET,FLUSHING AVENUE,,Queens,40.71442495557624,-73.91423748528125
49974,67 ROAD at ALDERTON STREET,67 ROAD,ALDERTON STREET,,Queens,40.71741324542648,-73.85886695143608
45291,43 AVENUE at 64 STREET,43 AVENUE,64 STREET,,Queens,40.742161406260365,-73.90118531657063
41923,31 AVENUE at 51 STREET,31 AVENUE,51 STREET,,Queens,40.756999264158544,-73.90782817505301
23741,EAST  105 STREET at LEXINGTON AVENUE,EAST  105 STREET,LEXINGTON AVENUE,,Manhattan,40.79156945499628,-73.94677198531195
41816,43 AVENUE at 51 STREET,43 AVENUE,51 STREET,,Queens,40.74436457306726,-73.91370658905484
58510,171 STREET at HORACE HARDING EXPRESSWAY,171 STREET,HORACE HARDING EXPRESSWAY,,Queens,40.738443931505024,-73.7982020037907
23836,EAST  110 STREET at LEXINGTON AVENUE,EAST  110 STREET,LEXINGTON AVENUE,,Manhattan,40.794808437544106,-73.94440664155029
41815,51 STREET at NYCTA SUBWAY,51 STREET,NYCTA SUBWAY,,Queens,40.743771941976426,-73.91382910683384
29196,JUNIUS STREET at LIVONIA AVENUE,JUNIUS STREET,LIVONIA AVENUE,,B,40.66365836487926,-73.90145114658549
17238,20 AVENUE at 50 STREET,20 AVENUE,50 STREET,,B,40.62494825974678,-73.97710959258382
66639,69 AVENUE at METROPOLITAN AVENUE,69 AVENUE,METROPOLITAN AVENUE,,Queens,40.71120058186252,-73.85555783703757
45265,50 AVENUE at 65 PLACE,50 AVENUE,65 PLACE,,Queens,40.737012168368615,-73.89992486920407
50945,51 AVENUE at ALSTYNE AVENUE,51 AVENUE,ALSTYNE AVENUE,,Queens,40.74317578377288,-73.85692118501714
58756,AVON STREET at HENLEY ROAD,AVON STREET,HENLEY ROAD,,Queens,40.71798737466924,-73.78159825010889
58471,77 ROAD at 171 STREET,77 ROAD,171 STREET,,Queens,40.72511537213628,-73.79796928019948
34474,77 ROAD at KEW FOREST LANE,77 ROAD,KEW FOREST LANE,,Queens,40.714945092244875,-73.83368201686184
27355,BUSHWICK AVENUE at SCHOLES STREET,BUSHWICK AVENUE,SCHOLES STREET,,B,40.70910254531859,-73.94007704108813
58509,171 STREET at HORACE HARDING EXPRESSWAY,171 STREET,HORACE HARDING EXPRESSWAY,,Queens,40.737909596671365,-73.79823324311847
55411,COLLEGE POINT BOULEVARD at MAPLE AVENUE,COLLEGE POINT BOULEVARD,MAPLE AVENUE,,Queens,40.75372125332829,-73.83282012096575
51647,28 AVENUE at 122 STREET,28 AVENUE,122 STREET,,Queens,40.77311669033295,-73.84641994137995
45264,51 AVENUE at 65 PLACE,51 AVENUE,65 PLACE,,Queens,40.73561443187029,-73.89998298826514
55327,168 STREET at UNION TURNPIKE,168 STREET,UNION TURNPIKE,,Queens,40.722940357616324,-73.80019354128213
50398,67 DRIVE at 112 STREET,67 DRIVE,112 STREET,,Queens,40.72895875248529,-73.84240014309601
13912,8 AVENUE at 57 STREET,8 AVENUE,57 STREET,,B,40.6371955285682,-74.00778794417299
46153,41 DRIVE at 58 STREET,41 DRIVE,58 STREET,,Queens,40.744126484548936,-73.90693651869383
31639,82 STREET at 151 AVENUE,82 STREET,151 AVENUE,,Queens,40.667590501199086,-73.8526025594823
15356,ANN STREET at THEATRE ALLEY,ANN STREET,THEATRE ALLEY,,Manhattan,40.710805284915125,-74.00775834282095
58485,71 AVENUE at 171 STREET,71 AVENUE,171 STREET,,Queens,40.73058797653985,-73.79871487776622
41831,39 AVENUE at 52 STREET,39 AVENUE,52 STREET,,Queens,40.748684576213535,-73.91164202722368
26814,HERKIMER STREET at TROY AVENUE,HERKIMER STREET,TROY AVENUE,,B,40.67887792084664,-73.93559886043417
50178,69 AVENUE at EXETER STREET,69 AVENUE,EXETER STREET,,Queens,40.71873515339156,-73.85100741857259
41849,31 AVENUE at 46 STREET,31 AVENUE,46 STREET,,Queens,40.75906579379702,-73.9122863531492
19894,KOSCIUSKO STREET at TOMPKINS AVENUE,KOSCIUSKO STREET,TOMPKINS AVENUE,,B,40.69130013135287,-73.94549553150586
34171,132 STREET at LINCOLN STREET,132 STREET,LINCOLN STREET,,Queens,40.67726486957887,-73.80756146363227
24042,WEST  133 STREET at H HUDSON PARKWAY ENTRANCE NB,WEST  133 STREET,H HUDSON PARKWAY ENTRANCE NB,,Manhattan,40.820258531484136,-73.9594810921695
34104,116 AVENUE at 128 STREET,116 AVENUE,128 STREET,,Queens,40.67750884471365,-73.81084577052104
19420,BERRY STREET at SOUTH   11 STREET,BERRY STREET,SOUTH   11 STREET,,B,40.70748762540299,-73.96605866599747
67250,DANE PLACE at YELLOWSTONE BOULEVARD,DANE PLACE,YELLOWSTONE BOULEVARD,,Queens,40.72078658466201,-73.8553176847312
55285,166 STREET at JEWEL AVENUE,166 STREET,JEWEL AVENUE,,Queens,40.73160030239616,-73.8031633441189
15188,ALBANY STREET at GREENWICH STREET,ALBANY STREET,GREENWICH STREET,,Manhattan,40.709146980426986,-74.01308187685018
19818,DEVOE STREET at UNION AVENUE,DEVOE STREET,UNION AVENUE,,B,40.71310631401524,-73.95146578985253
55333,76 AVENUE at 167 STREET,76 AVENUE,167 STREET,,Queens,40.726088717999424,-73.80179943850614
34165,132 STREET at FOCH BOULEVARD,132 STREET,FOCH BOULEVARD,,Queens,40.67653722083827,-73.80723086433554
51646,29 AVENUE at 122 STREET,29 AVENUE,122 STREET,,Queens,40.771937382391975,-73.84648870861331
22378,GRAHAM AVENUE at NEWTON STREET,GRAHAM AVENUE,NEWTON STREET,,B,40.72078909568726,-73.94650364425101
50289,67 AVENUE at YELLOWSTONE BOULEVARD,67 AVENUE,YELLOWSTONE BOULEVARD,,Queens,40.72845017336801,-73.84924748338852
23967,HENRY HUDSON PY SB EN W  125 ST at ST CLAIRE PLACE,HENRY HUDSON PY SB EN W  125 ST,ST CLAIRE PLACE,,Manhattan,40.81802315333387,-73.961818603028
51742,123 STREET at COLLEGE POINT BOULEVARD,123 STREET,COLLEGE POINT BOULEVARD,,Queens,40.77296505089894,-73.84553480687771
55424,39 AVENUE at COLLEGE POINT BOULEVARD,39 AVENUE,COLLEGE POINT BOULEVARD,,Queens,40.75899259318515,-73.83452851718795
55335,76 AVENUE at 168 STREET,76 AVENUE,168 STREET,,Queens,40.72618737829934,-73.80090703735432
41470,28 STREET at 38 AVENUE,28 STREET,38 AVENUE,,Queens,40.75501546475878,-73.93433515886375
14112,11 AVENUE at NEW UTRECHT AVENUE,11 AVENUE,NEW UTRECHT AVENUE,,B,40.63981613476901,-73.99434692507324
43850,AMSTERDAM AVENUE at LAUREL HILL TERRACE,AMSTERDAM AVENUE,LAUREL HILL TERRACE,,Manhattan,40.85248778229151,-73.92769565754283
41733,31 AVENUE at 38 STREET,31 AVENUE,38 STREET,,Queens,40.761695074960286,-73.9178880798275
58504,65 AVENUE at 171 STREET,65 AVENUE,171 STREET,,Queens,40.73652732229784,-73.79832032330731
51660,COLLEGE POINT BOULEVARD at GRAHAM COURT,COLLEGE POINT BOULEVARD,GRAHAM COURT,,Queens,40.77509417748943,-73.84662805535082
34096,126 STREET at FOCH BOULEVARD,126 STREET,FOCH BOULEVARD,,Queens,40.67526973034677,-73.81155535645873
55351,168 STREET at JEWEL AVENUE,168 STREET,JEWEL AVENUE,,Queens,40.73151690096486,-73.80136631734365
108348,12 AVENUE at WEST  125 STREET,12 AVENUE,WEST  125 STREET,,Manhattan,40.81808890544368,-73.96047600472832
51659,26 AVENUE at COLLEGE POINT BOULEVARD,26 AVENUE,COLLEGE POINT BOULEVARD,,Queens,40.77446051031168,-73.84667506040142
50482,75 AVENUE at AUSTIN STREET,75 AVENUE,AUSTIN STREET,,Queens,40.71719880236826,-73.8386167543565
14132,40 STREET at NEW UTRECHT AVENUE,40 STREET,NEW UTRECHT AVENUE,,B,40.64453619847865,-73.99426782390428
41809,35 STREET at ASTORIA BOULEVARD,35 STREET,ASTORIA BOULEVARD,,Queens,40.76947041704232,-73.91487376454009
55427,COLLEGE POINT BOULEVARD at LONG ISLAND RAILROAD,COLLEGE POINT BOULEVARD,LONG ISLAND RAILROAD,,Queens,40.75672152423845,-73.83380197536378
41611,28 STREET at 33 AVENUE,28 STREET,33 AVENUE,,Queens,40.76247466182666,-73.92829080460042
34159,128 STREET at ROCKAWAY BOULEVARD,128 STREET,ROCKAWAY BOULEVARD,,Queens,40.67510812368115,-73.80978184724206
32461,69 AVENUE at OLCOTT STREET,69 AVENUE,OLCOTT STREET,,Queens,40.71230413234494,-73.85507072293356
37913,BEACH   25 STREET at ROCKAWAY FREEWAY,BEACH   25 STREET,ROCKAWAY FREEWAY,,Queens,40.59987047709656,-73.76156165945653
58918,87 ROAD at CHEVY CHASE STREET,87 ROAD,CHEVY CHASE STREET,,Queens,40.71628205984044,-73.77518213848293
55336,77 ROAD at 168 STREET,77 ROAD,168 STREET,,Queens,40.72451704883913,-73.80059030992918
27109,EAST NEW YORK AVENUE at SARATOGA AVENUE,EAST NEW YORK AVENUE,SARATOGA AVENUE,,B,40.669543764127305,-73.91713589050215
108516,MC LAUGHLIN AVENUE at PALERMO STREET,MC LAUGHLIN AVENUE,PALERMO STREET,,Queens,40.722463841450136,-73.77386524533635
67355,FLEET STREET at GROTON STREET,FLEET STREET,GROTON STREET,,Queens,40.71964462376589,-73.85785840396841
17224,20 AVENUE at 52 STREET,20 AVENUE,52 STREET,,B,40.62388216592465,-73.97820027820107
22314,BROOME STREET at GRAHAM AVENUE,BROOME STREET,GRAHAM AVENUE,,B,40.72214348490886,-73.94723369674175
24024,MARGINAL STREET at WEST  125 STREET,MARGINAL STREET,WEST  125 STREET,,Manhattan,40.81873604675758,-73.96108327878767
58846,BARRINGTON STREET at CAMBRIDGE ROAD,BARRINGTON STREET,CAMBRIDGE ROAD,,Queens,40.718755981314054,-73.77803904663038
58929,188 STREET at MC LAUGHLIN AVENUE,188 STREET,MC LAUGHLIN AVENUE,,Queens,40.72161902848789,-73.77670838393321
31636,82 STREET at 155 AVENUE,82 STREET,155 AVENUE,,Queens,40.66438364916901,-73.85180092086358
449,ALLENTOWN LANE at ARTHUR KILL ROAD,ALLENTOWN LANE,ARTHUR KILL ROAD,,S,40.528223606551634,-74.23937177226998
41268,44 AVENUE at 58 STREET,44 AVENUE,58 STREET,,Queens,40.7425147848697,-73.90732904163438
44424,AMSTERDAM AVENUE at WEST  190 STREET,AMSTERDAM AVENUE,WEST  190 STREET,,Manhattan,40.85371714438436,-73.92679937943448
17225,20 AVENUE at 51 STREET,20 AVENUE,51 STREET,,B,40.62444188999671,-73.97761660371617
34258,134 STREET at ROCKAWAY BOULEVARD,134 STREET,ROCKAWAY BOULEVARD,,Queens,40.67463128954803,-73.80451131811266
37102,104 ROAD at 164 STREET,104 ROAD,164 STREET,,Queens,40.699819676919724,-73.79254897157783
54810,71 ROAD at 136 STREET,71 ROAD,136 STREET,,Queens,40.726053837966546,-73.82715429446961
24032,RIVERSIDE DRIVE at WEST  130 STREET,RIVERSIDE DRIVE,WEST  130 STREET,,Manhattan,40.818123068968305,-73.96023645555798
58569,74 AVENUE at UTOPIA PARKWAY,74 AVENUE,UTOPIA PARKWAY,,Queens,40.72934789457696,-73.79322750896442
51645,30 AVENUE at 122 STREET,30 AVENUE,122 STREET,,Queens,40.771321387279244,-73.84653902413197
50550,75 ROAD at AUSTIN STREET,75 ROAD,AUSTIN STREET,,Queens,40.716731494065684,-73.83795870304508
55412,AVERY AVENUE at COLLEGE POINT BOULEVARD,AVERY AVENUE,COLLEGE POINT BOULEVARD,,Queens,40.75231730629538,-73.83239100398714
43742,AMSTERDAM AVENUE at WEST  184 STREET,AMSTERDAM AVENUE,WEST  184 STREET,,Manhattan,40.849913475292986,-73.9296324794833
49902,66 AVENUE at WOODHAVEN BOULEVARD,66 AVENUE,WOODHAVEN BOULEVARD,,Queens,40.71827667988714,-73.86357111153879
54729,68 DRIVE at 138 STREET,68 DRIVE,138 STREET,,Queens,40.73083047318245,-73.82855422087742
31034,77 STREET at 157 AVENUE,77 STREET,157 AVENUE,,Queens,40.6603718300601,-73.85576817550476
59041,MARENGO STREET at MC LAUGHLIN AVENUE,MARENGO STREET,MC LAUGHLIN AVENUE,,Queens,40.72443128481921,-73.76862359647781
34173,116 AVENUE at 134 STREET,116 AVENUE,134 STREET,,Queens,40.6787942498311,-73.80631436695386
42177,23 STREET at 28 AVENUE,23 STREET,28 AVENUE,,Queens,40.770511016072355,-73.92545857624849
50291,67 ROAD at 108 STREET,67 ROAD,108 STREET,,Queens,40.7282886676645,-73.84721210929777
31573,79 STREET at 149 AVENUE,79 STREET,149 AVENUE,,Queens,40.668732101361634,-73.85584067728817
34469,77 ROAD at AUSTIN STREET,77 ROAD,AUSTIN STREET,,Queens,40.714132922811174,-73.83494126707869
58489,73 AVENUE at 173 STREET,73 AVENUE,173 STREET,,Queens,40.729225589736835,-73.79692786582352
24111,OLD BROADWAY at WEST  133 STREET,OLD BROADWAY,WEST  133 STREET,,Manhattan,40.81848022476793,-73.95529480635807
24295,8 AVENUE at WEST  137 STREET,8 AVENUE,WEST  137 STREET,,Manhattan,40.817799207246836,-73.94559812457275
42200,23 STREET at NEWTOWN AVENUE,23 STREET,NEWTOWN AVENUE,,Queens,40.771354772176636,-73.92478315052978
51495,33 AVENUE at COLLEGE POINT BOULEVARD,33 AVENUE,COLLEGE POINT BOULEVARD,,Queens,40.76565487143222,-73.83742049516793
41544,29 STREET at 36 AVENUE,29 STREET,36 AVENUE,,Queens,40.75733408546948,-73.93135128766687
65562,GRAHAM AVENUE at RICHARDSON STREET,GRAHAM AVENUE,RICHARDSON STREET,,B,40.71878171386865,-73.94508397709704
34164,FOCH BOULEVARD at LINCOLN STREET,FOCH BOULEVARD,LINCOLN STREET,,Queens,40.676460334805384,-73.80751061817459
31570,80 STREET at 155 AVENUE,80 STREET,155 AVENUE,,Queens,40.664114918442266,-73.85372364045615
55353,169 STREET at JEWEL AVENUE,169 STREET,JEWEL AVENUE,,Queens,40.73149667021028,-73.8004626936884
17309,AVENUE I at EAST    4 STREET,AVENUE I,EAST    4 STREET,,B,40.62631854220829,-73.97322001033733
24306,8 AVENUE at WEST  141 STREET,8 AVENUE,WEST  141 STREET,,Manhattan,40.82029456385831,-73.94377634994194
45371,50 AVENUE at 68 STREET,50 AVENUE,68 STREET,,Queens,40.7369451771625,-73.89684013956537
50402,66 AVENUE at GRAND CENTRL PARKWAY,66 AVENUE,GRAND CENTRL PARKWAY,,Queens,40.73181434426539,-73.84350489111638
50201,66 ROAD at YELLOWSTONE BOULEVARD,66 ROAD,YELLOWSTONE BOULEVARD,,Queens,40.72915439108422,-73.84944777648062
34475,AUSTIN STREET at UNION TURNPIKE,AUSTIN STREET,UNION TURNPIKE,,Queens,40.71291697565997,-73.83356895749411
24274,LENOX AVENUE at WEST  123 STREET,LENOX AVENUE,WEST  123 STREET,,Manhattan,40.80646909959685,-73.94643801657135
58758,AVON STREET at KRUGER ROAD,AVON STREET,KRUGER ROAD,,Queens,40.71718516633979,-73.78136340440817
59040,MC LAUGHLIN AVENUE at PINTO STREET,MC LAUGHLIN AVENUE,PINTO STREET,,Queens,40.72433945687152,-73.76907035371552
55413,COLLEGE POINT BOULEVARD at POPLE AVENUE,COLLEGE POINT BOULEVARD,POPLE AVENUE,,Queens,40.753007445061904,-73.83260086515521
22330,JEWELL STREET at MESEROLE AVENUE,JEWELL STREET,MESEROLE AVENUE,,B,40.72875836341575,-73.94766544380013
34167,133 STREET at FOCH BOULEVARD,133 STREET,FOCH BOULEVARD,,Queens,40.676797031789896,-73.80633702233791
32472,69 AVENUE at JUNO STREET,69 AVENUE,JUNO STREET,,Queens,40.71551858264848,-73.85303350871845
41830,39 AVENUE at 52 STREET,39 AVENUE,52 STREET,,Queens,40.74871448966413,-73.91188826370811
9059,MILFORD DRIVE at CLOVE ROAD,MILFORD DRIVE,CLOVE ROAD,,S,40.610259790908714,-74.09748867640654
50292,67 AVENUE at 108 STREET,67 AVENUE,108 STREET,,Queens,40.72895420144784,-73.84755396055006
51746,30 AVENUE at COLLEGE POINT BOULEVARD,30 AVENUE,COLLEGE POINT BOULEVARD,,Queens,40.77124914164659,-73.84373313490177
59047,MC LAUGHLIN AVENUE at SUTRO STREET,MC LAUGHLIN AVENUE,SUTRO STREET,,Queens,40.725243692150556,-73.76652215411339
69529,29 STREET at 41 AVENUE,29 STREET,41 AVENUE,,Queens,40.751230173551235,-73.93659063677025
70751,BEACH  105 STREET at ROCKAWAY FREEWAY,BEACH  105 STREET,ROCKAWAY FREEWAY,,Queens,40.58353568999445,-73.82633723179875
22317,ENGERT AVENUE at GRAHAM AVENUE,ENGERT AVENUE,GRAHAM AVENUE,,B,40.72147401050028,-73.94697995437745
41876,38 STREET at ASTORIA BOULEVARD,38 STREET,ASTORIA BOULEVARD,,Queens,40.7696057330244,-73.91138266203404
15240,EXCHANGE PLACE at WILLIAM STREET,EXCHANGE PLACE,WILLIAM STREET,,Manhattan,40.705796426694604,-74.00986580839673
59095,FRANCIS LEWIS BOULEVARD at MC LAUGHLIN AVENUE,FRANCIS LEWIS BOULEVARD,MC LAUGHLIN AVENUE,,Queens,40.72547746203295,-73.76557705967915
34470,77 AVENUE at KEW FOREST LANE,77 AVENUE,KEW FOREST LANE,,Queens,40.71549354513977,-73.83439769178612
34179,134 STREET at LINDEN BOULEVARD,134 STREET,LINDEN BOULEVARD,,Queens,40.68228651043439,-73.80804693914202
24296,8 AVENUE at WEST  138 STREET,8 AVENUE,WEST  138 STREET,,Manhattan,40.81842371940687,-73.94514131227014
55414,BLOSSOM AVENUE at COLLEGE POINT BOULEVARD,BLOSSOM AVENUE,COLLEGE POINT BOULEVARD,,Queens,40.75145759533946,-73.83227581831105
9331,DOE PLACE at NORTH BURGHER AVENUE,DOE PLACE,NORTH BURGHER AVENUE,,S,40.636690931070184,-74.11488701410623
42504,EAST  130 STREET at METRO-NORTH RR,EAST  130 STREET,METRO-NORTH RR,,Manhattan,40.808220478893794,-73.93671827525864
41545,28 STREET at 35 AVENUE,28 STREET,35 AVENUE,,Queens,40.759252882425166,-73.9309003534283
55281,164 STREET at JEWEL AVENUE,164 STREET,JEWEL AVENUE,,Queens,40.73169031132887,-73.80508144625912
41866,25 AVENUE at 41 STREET,25 AVENUE,41 STREET,,Queens,40.76758043188226,-73.91088626564125
27108,EAST NEW YORK AVENUE at SARATOGA AVENUE,EAST NEW YORK AVENUE,SARATOGA AVENUE,,B,40.669392231424474,-73.91748266147958
51775,20 AVENUE at 126 STREET,20 AVENUE,126 STREET,,Queens,40.781691355314805,-73.84231011320384
50395,67 DRIVE at 110 STREET,67 DRIVE,110 STREET,,Queens,40.728294641800524,-73.84461735545868
41786,31 AVENUE at STEINWAY STREET,31 AVENUE,STEINWAY STREET,,Queens,40.76132029784504,-73.91708899275488
31463,156 AVENUE at DEAD END,156 AVENUE,DEAD END,,Queens,40.66172105019746,-73.8580250425276
54727,68 DRIVE at 136 STREET,68 DRIVE,136 STREET,,Queens,40.72957362168247,-73.83105739191416
50480,73 ROAD at AUSTIN STREET,73 ROAD,AUSTIN STREET,,Queens,40.71780343345528,-73.83955785748195
34478,KEW FOREST LANE at UNION TURNPIKE,KEW FOREST LANE,UNION TURNPIKE,,Queens,40.7137905762468,-73.83255380219241
41703,45 STREET at SKILLMAN AVENUE,45 STREET,SKILLMAN AVENUE,,Queens,40.74667624091475,-73.9189421105527
34160,130 STREET at FOCH BOULEVARD,130 STREET,FOCH BOULEVARD,,Queens,40.676027203508504,-73.80904499446595
54824,69 AVENUE at 140 STREET,69 AVENUE,140 STREET,,Queens,40.73077236672978,-73.82618388115183
58496,68 AVENUE at 172 STREET,68 AVENUE,172 STREET,,Queens,40.733519029891035,-73.79761552875053
41697,45 STREET at NYCTA SUBWAY,45 STREET,NYCTA SUBWAY,,Queens,40.74326503464911,-73.91962926659713
46270,65 STREET at WOODSIDE AVENUE,65 STREET,WOODSIDE AVENUE,,Queens,40.7437621855903,-73.9000285367776
58481,76 AVENUE at 173 STREET,76 AVENUE,173 STREET,,Queens,40.72668074132417,-73.79644680251161
41879,54 STREET at NYCTA SUBWAY,54 STREET,NYCTA SUBWAY,,Queens,40.74475604155106,-73.91054467218171
24040,MARGINAL STREET at WEST  133 STREET,MARGINAL STREET,WEST  133 STREET,,Manhattan,40.820303024628366,-73.95965979186118
32460,69 AVENUE at METROPOLITAN AVENUE,69 AVENUE,METROPOLITAN AVENUE,,Queens,40.711229929586985,-73.85574458658412
70086,156 AVENUE at BEND,156 AVENUE,BEND,,Queens,40.66284191022701,-73.85047734185923
41880,54 STREET at SKILLMAN AVENUE,54 STREET,SKILLMAN AVENUE,,Queens,40.74567088973364,-73.91035428338131
41921,31 AVENUE at 50 STREET,31 AVENUE,50 STREET,,Queens,40.75756516186471,-73.90906577543477
15186,CARLISLE STREET at GREENWICH STREET,CARLISLE STREET,GREENWICH STREET,,Manhattan,40.70873106773057,-74.01326253160049
68797,COLLEGE POINT BOULEVARD at ROOSEVELT AVENUE,COLLEGE POINT BOULEVARD,ROOSEVELT AVENUE,,Queens,40.75811156254142,-73.83424453156526
55405,VAN WYCK EP NB EN COLLEGE PT BL at COLLEGE POINT BOULEVARD,VAN WYCK EP NB EN COLLEGE PT BL,COLLEGE POINT BOULEVARD,,Queens,40.74803218230986,-73.83314141802349
27324,BROADWAY at GRAHAM AVENUE,BROADWAY,GRAHAM AVENUE,,B,40.700890667283474,-73.94220058694071
24033,MARGINAL STREET at WEST  132 STREET,MARGINAL STREET,WEST  132 STREET,,Manhattan,40.819731744618196,-73.96016305785109
19824,KOSCIUSKO STREET at MARCY AVENUE,KOSCIUSKO STREET,MARCY AVENUE,,B,40.69097346337627,-73.94833093508917
55360,67 AVENUE at 167 STREET,67 AVENUE,167 STREET,,Queens,40.7348305374139,-73.80204742321965
46159,41 DRIVE at 60 STREET,41 DRIVE,60 STREET,,Queens,40.74345289942197,-73.90430321269473
19938,LEONARD STREET at SCHOLES STREET,LEONARD STREET,SCHOLES STREET,,B,40.70846605074107,-73.94675515387468
34184,115 AVENUE at 134 STREET,115 AVENUE,134 STREET,,Queens,40.68054267778625,-73.80716862347063
31563,80 STREET at 156 AVENUE,80 STREET,156 AVENUE,,Queens,40.66243120211494,-73.8533763156951
41824,39 ROAD at 52 STREET,39 ROAD,52 STREET,,Queens,40.747988210064705,-73.91193027717814
15274,ANN STREET at BROADWAY,ANN STREET,BROADWAY,,Manhattan,40.71139224011916,-74.00860085400832
27316,KOSCIUSKO STREET at MARCUS GARVEY BOULEVARD,KOSCIUSKO STREET,MARCUS GARVEY BOULEVARD,,B,40.6919506994861,-73.93982322125785
54823,68 DRIVE at 140 STREET,68 DRIVE,140 STREET,,Queens,40.73143465244144,-73.82652734189004
58755,DALNY ROAD at RADNOR ROAD,DALNY ROAD,RADNOR ROAD,,Queens,40.71643388123338,-73.78314131468281
34169,116 AVENUE at 132 STREET,116 AVENUE,132 STREET,,Queens,40.67829722904985,-73.80806707988364
58934,MC LAUGHLIN AVENUE at PALO ALTO AVENUE,MC LAUGHLIN AVENUE,PALO ALTO AVENUE,,Queens,40.722171203263095,-73.7747106761148
24022,BROADWAY at WEST  126 STREET,BROADWAY,WEST  126 STREET,,Manhattan,40.81631963667754,-73.95783306397065
54910,70 AVENUE at MAIN STREET,70 AVENUE,MAIN STREET,,Queens,40.729329539940174,-73.82311336422237
19508,BEDFORD AVENUE at SOUTH    9 STREET,BEDFORD AVENUE,SOUTH    9 STREET,,B,40.70871946127164,-73.96418485727969
55251,164 STREET at GOETHALS AVENUE,164 STREET,GOETHALS AVENUE,,Queens,40.71928827232029,-73.80397266811701
14085,12 AVENUE at 54 STREET,12 AVENUE,54 STREET,,B,40.63355585222529,-73.99723064878798
51478,37 AVENUE at COLLEGE POINT BOULEVARD,37 AVENUE,COLLEGE POINT BOULEVARD,,Queens,40.76025453260997,-73.83492178745541
58550,175 STREET at UNION TURNPIKE,175 STREET,UNION TURNPIKE,,Queens,40.724983926335476,-73.79421260026052
55340,73 AVENUE at 167 STREET,73 AVENUE,167 STREET,,Queens,40.72812759309523,-73.80219264291851
45263,65 PLACE at MAURICE AVENUE,65 PLACE,MAURICE AVENUE,,Queens,40.73485032052681,-73.90000969424277
51662,25 ROAD at COLLEGE POINT BOULEVARD,25 ROAD,COLLEGE POINT BOULEVARD,,Queens,40.775709441733824,-73.84632008500702
26821,HERKIMER STREET at JEWEL MC COY LANE,HERKIMER STREET,JEWEL MC COY LANE,,B,40.67878148922074,-73.93389192404605
14115,44 STREET at NEW UTRECHT AVENUE,44 STREET,NEW UTRECHT AVENUE,,B,40.640913423758114,-73.99431048159526
13756,20 AVENUE at 58 STREET,20 AVENUE,58 STREET,,B,40.62052408722018,-73.9816961714095
13982,9 AVENUE at 54 STREET,9 AVENUE,54 STREET,,B,40.637545931001874,-74.00383793101277
41564,23 STREET at 31 DRIVE,23 STREET,31 DRIVE,,Queens,40.76537472614337,-73.92964715927299
34181,115 AVENUE at LINCOLN STREET,115 AVENUE,LINCOLN STREET,,Queens,40.68033921202385,-73.80786659695424
7975,WHITWELL PLACE at WOODHAVEN AVENUE,WHITWELL PLACE,WOODHAVEN AVENUE,,S,40.60089291521103,-74.10933577934938
41476,29 STREET at 37 AVENUE,29 STREET,37 AVENUE,,Queens,40.755822258091165,-73.93257953083805
19944,GRAHAM AVENUE at SCHOLES STREET,GRAHAM AVENUE,SCHOLES STREET,,B,40.70878089128286,-73.94344009740793
22375,FROST STREET at GRAHAM AVENUE,FROST STREET,GRAHAM AVENUE,,B,40.71806619360874,-73.94496672179744
50173,69 AVENUE at FLEET STREET,69 AVENUE,FLEET STREET,,Queens,40.718094607938674,-73.85141634440582
37350,DALNY ROAD at WEXFORD TERRACE,DALNY ROAD,WEXFORD TERRACE,,Queens,40.712839967641244,-73.78710123819036
19957,GRAHAM AVENUE at METROPOLITAN AVENUE,GRAHAM AVENUE,METROPOLITAN AVENUE,,B,40.714531601250485,-73.94438746517662
24206,LENOX AVENUE at WEST  119 STREET,LENOX AVENUE,WEST  119 STREET,,Manhattan,40.803957204346354,-73.94827301334294
14113,45 STREET at NEW UTRECHT AVENUE,45 STREET,NEW UTRECHT AVENUE,,B,40.639966971822794,-73.99433266735943
50400,66 AVENUE at 111 STREET,66 AVENUE,111 STREET,,Queens,40.73129371120453,-73.84515438936373
58924,188 STREET at CAMBRIDGE ROAD,188 STREET,CAMBRIDGE ROAD,,Queens,40.71909437272986,-73.77551077014445
41794,41 STREET at NEWTOWN ROAD,41 STREET,NEWTOWN ROAD,,Queens,40.762339046529604,-73.91515753576729
26936,HERKIMER STREET at HUNTERFLY PLACE,HERKIMER STREET,HUNTERFLY PLACE,,B,40.678469018398985,-73.92847414262616
41624,23 STREET at 30 AVENUE,23 STREET,30 AVENUE,,Queens,40.769271395452385,-73.92647341291281
41617,23 STREET at 30 DRIVE,23 STREET,30 DRIVE,,Queens,40.76761629293372,-73.9278208805089
13645,17 AVENUE at 56 STREET,17 AVENUE,56 STREET,,B,40.62563637572781,-73.98714017639797
45389,65 PLACE at LONG ISLAND RAILROAD,65 PLACE,LONG ISLAND RAILROAD,,Queens,40.74244880832141,-73.89928873638824
50085,DANE PLACE at EXETER STREET,DANE PLACE,EXETER STREET,,Queens,40.72045911864436,-73.85573123954283
58484,76 AVENUE at 174 STREET,76 AVENUE,174 STREET,,Queens,40.72678309790673,-73.79551925497874
43752,AMSTERDAM AVENUE at WEST  186 STREET,AMSTERDAM AVENUE,WEST  186 STREET,,Manhattan,40.85118430854883,-73.92865990131503
13757,20 AVENUE at 57 STREET,20 AVENUE,57 STREET,,B,40.621083838054126,-73.98111689051103
31467,76 STREET at 156 AVENUE,76 STREET,156 AVENUE,,Queens,40.6618520395414,-73.85709496667091
19598,ROEBLING STREET at SOUTH    9 STREET,ROEBLING STREET,SOUTH    9 STREET,,B,40.70835699153477,-73.96098346919457
41822,52 STREET at SKILLMAN AVENUE,52 STREET,SKILLMAN AVENUE,,Queens,40.745886643316275,-73.91213076386947
54728,138 STREET at DEAD END,138 STREET,DEAD END,,Queens,40.73155564981423,-73.82892017901415
54819,70 ROAD at 141 STREET,70 ROAD,141 STREET,,Queens,40.72810850166481,-73.82469727168971
23740,EAST  104 STREET at LEXINGTON AVENUE,EAST  104 STREET,LEXINGTON AVENUE,,Manhattan,40.79093947702835,-73.94722940806811
9561,FRANKLIN AVENUE at BUCHANAN STREET,FRANKLIN AVENUE,BUCHANAN STREET,,S,40.64335965859457,-74.09222175499276
42174,21 STREET at 28 AVENUE,21 STREET,28 AVENUE,,Queens,40.771132845706546,-73.92681478498649
41891,39 DRIVE at 54 STREET,39 DRIVE,54 STREET,,Queens,40.74686015453777,-73.90967479214316
32470,69 AVENUE at LOUBET STREET,69 AVENUE,LOUBET STREET,,Queens,40.71423227218088,-73.85385272699139
51669,25 AVENUE at COLLEGE POINT BOULEVARD,25 AVENUE,COLLEGE POINT BOULEVARD,,Queens,40.7766841085759,-73.84625068172079
49913,66 AVENUE at FITCHETT STREET,66 AVENUE,FITCHETT STREET,,Queens,40.71917052134855,-73.86126793619499
43307,DONNELLON SQUARE at ST NICHOLAS PLACE,DONNELLON SQUARE,ST NICHOLAS PLACE,,Manhattan,40.82720705384669,-73.94245279104635
27311,KOSCIUSKO STREET at THROOP AVENUE,KOSCIUSKO STREET,THROOP AVENUE,,B,40.69162434395207,-73.94266181764303
34268,116 AVENUE at 135 STREET,116 AVENUE,135 STREET,,Queens,40.67904220939336,-73.80542439478798
66915,DEAD END at HIGH POINT ROAD,DEAD END,HIGH POINT ROAD,,S,40.60079311024002,-74.10919372261246
42463,8 AVENUE at WEST  143 STREET,8 AVENUE,WEST  143 STREET,,Manhattan,40.821541708239515,-73.94286448724489
41623,23 STREET at 30 ROAD,23 STREET,30 ROAD,,Queens,40.76844206509022,-73.92715011870618
50112,67 AVENUE at QUEENS BOULEVARD,67 AVENUE,QUEENS BOULEVARD,,Queens,40.726970818513905,-73.85374721094914
55425,COLLEGE POINT BOULEVARD at ROOSEVELT AVENUE,COLLEGE POINT BOULEVARD,ROOSEVELT AVENUE,,Queens,40.75829051035909,-73.83430717266947
2110,EYLANDT STREET at STECHER STREET,EYLANDT STREET,STECHER STREET,,S,40.52883363002132,-74.18633131154492
31562,79 STREET at 156 AVENUE,79 STREET,156 AVENUE,,Queens,40.662277074479576,-73.8542731096408
58555,76 AVENUE at 175 STREET,76 AVENUE,175 STREET,,Queens,40.72688581307309,-73.79458993739175
14130,9 AVENUE at NEW UTRECHT AVENUE,9 AVENUE,NEW UTRECHT AVENUE,,B,40.6463418463162,-73.99468698279304
24028,RIVERSIDE DRIVE at ST CLAIRE PLACE,RIVERSIDE DRIVE,ST CLAIRE PLACE,,Manhattan,40.81751051658688,-73.96068717865015
13762,20 AVENUE at 54 STREET,20 AVENUE,54 STREET,,B,40.62276502405643,-73.97936273023836
26816,HATTIE JONES COURT at HERKIMER STREET,HATTIE JONES COURT,HERKIMER STREET,,B,40.67882972506333,-73.93478307752865
34269,135 STREET at FOCH BOULEVARD,135 STREET,FOCH BOULEVARD,,Queens,40.67730265699682,-73.80456002741884
71395,AMTRAK RAILROAD at WEST  125 STREET,AMTRAK RAILROAD,WEST  125 STREET,,Manhattan,40.818458899927386,-73.96081441993414
34479,78 AVENUE at QUEENS BOULEVARD,78 AVENUE,QUEENS BOULEVARD,,Queens,40.71511974878918,-73.83223132379976
41789,31 AVENUE at 43 STREET,31 AVENUE,43 STREET,,Queens,40.760187814524606,-73.91469591720775
51201,31 AVENUE at 122 STREET,31 AVENUE,122 STREET,,Queens,40.76962713964056,-73.84662530709413
51677,22 AVENUE at COLLEGE POINT BOULEVARD,22 AVENUE,COLLEGE POINT BOULEVARD,,Queens,40.78015061092817,-73.8460256746638
55419,41 AVENUE at COLLEGE POINT BOULEVARD,41 AVENUE,COLLEGE POINT BOULEVARD,,Queens,40.75632056593807,-73.83367811169036
31568,79 STREET at 155 AVENUE,79 STREET,155 AVENUE,,Queens,40.66397541701359,-73.85467317922
17304,AVENUE I at EAST    2 STREET,AVENUE I,EAST    2 STREET,,B,40.626113767105934,-73.97507611312372
24031,RIVERSIDE DRIVE at WEST  125 STREET,RIVERSIDE DRIVE,WEST  125 STREET,,Manhattan,40.81795912113365,-73.96035728962136
31631,156 AVENUE at BELT PARKWAY,156 AVENUE,BELT PARKWAY,,Queens,40.662683585358394,-73.85007645647687
50082,DANE PLACE at FLEET STREET,DANE PLACE,FLEET STREET,,Queens,40.7199120223539,-73.85637956423993
37101,164 STREET at SOUTH ROAD,164 STREET,SOUTH ROAD,,Queens,40.700243682614364,-73.79284356478442
41005,41 STREET at GREENPOINT AVENUE,41 STREET,GREENPOINT AVENUE,,Queens,40.739979976737146,-73.92406460981202
24209,LENOX AVENUE at WEST  122 STREET,LENOX AVENUE,WEST  122 STREET,,Manhattan,40.80583888247927,-73.94690004844952
41557,23 STREET at 33 AVENUE,23 STREET,33 AVENUE,,Queens,40.763874224517174,-73.93086652922271
34170,116 AVENUE at LINCOLN STREET,116 AVENUE,LINCOLN STREET,,Queens,40.67840558203339,-73.8076858603837
51428,58 ROAD at COLLEGE POINT BOULEVARD,58 ROAD,COLLEGE POINT BOULEVARD,,Queens,40.74552397473795,-73.83543777126118
50551,76 AVENUE at AUSTIN STREET,76 AVENUE,AUSTIN STREET,,Queens,40.716250945085264,-73.83732660024863
51850,20 AVENUE at 129 STREET,20 AVENUE,129 STREET,,Queens,40.78169313085777,-73.83960406112045
19785,SCHOLES STREET at SOUTH    3 STREET,SCHOLES STREET,SOUTH    3 STREET,,B,40.70816998226648,-73.95065919516192
41565,23 STREET at 31 ROAD,23 STREET,31 ROAD,,Queens,40.76598331562748,-73.9291503519858
24288,8 AVENUE at WEST  135 STREET,8 AVENUE,WEST  135 STREET,,Manhattan,40.81650234014126,-73.94654653352409
22382,BROOKLYN QNS EXPRESSWAY at GRAHAM AVENUE,BROOKLYN QNS EXPRESSWAY,GRAHAM AVENUE,,B,40.71940021741449,-73.94547607847134
17369,AVENUE I at OCEAN PARKWAY,AVENUE I,OCEAN PARKWAY,,B,40.62656998526293,-73.97092126311594
32468,69 AVENUE at NANSEN STREET,69 AVENUE,NANSEN STREET,,Queens,40.712947060089775,-73.85466224246527
43322,ST NICHOLAS PLACE at WEST  153 STREET,ST NICHOLAS PLACE,WEST  153 STREET,,Manhattan,40.829083163072305,-73.94107859392086
31035,78 STREET at 157 AVENUE,78 STREET,157 AVENUE,,Queens,40.66048924992194,-73.85485074915496
37446,AVON STREET at WEXFORD TERRACE,AVON STREET,WEXFORD TERRACE,,Queens,40.71454123036924,-73.78123398764747
58476,76 AVENUE at 171 STREET,76 AVENUE,171 STREET,,Queens,40.72648330210889,-73.79823120301081
50401,66 ROAD at 111 STREET,66 ROAD,111 STREET,,Queens,40.73055735231495,-73.84479094563153
41474,28 STREET at 37 AVENUE,28 STREET,37 AVENUE,,Queens,40.756239151477395,-73.93334529789358
41397,29 STREET at 40 ROAD,29 STREET,40 ROAD,,Queens,40.751723685294536,-73.93612978803064
43309,ST NICHOLAS PLACE at WEST  151 STREET,ST NICHOLAS PLACE,WEST  151 STREET,,Manhattan,40.82782265639127,-73.94199730193743
54809,72 AVENUE at 136 STREET,72 AVENUE,136 STREET,,Queens,40.72513148665909,-73.82707964193708
50180,69 AVENUE at CLYDE STREET,69 AVENUE,CLYDE STREET,,Queens,40.72010918146881,-73.85043192241838
26999,BUFFALO AVENUE at HERKIMER STREET,BUFFALO AVENUE,HERKIMER STREET,,B,40.67827601182644,-73.9246614180406
41821,52 STREET at SKILLMAN AVENUE,52 STREET,SKILLMAN AVENUE,,Queens,40.74592040307955,-73.91244853983501
54822,140 STREET at DEAD END,140 STREET,DEAD END,,Queens,40.7317306560769,-73.82692689222786
58754,KRUGER ROAD at RADNOR ROAD,KRUGER ROAD,RADNOR ROAD,,Queens,40.71711704397465,-73.78346540018983
34257,120 AVENUE at 133 STREET,120 AVENUE,133 STREET,,Queens,40.67505753778919,-73.8054874460093
2101,EYLANDT STREET at KINGDOM AVENUE,EYLANDT STREET,KINGDOM AVENUE,,S,40.5284820047726,-74.18719749454382
41382,29 STREET at QUEENS PLAZA NORTH,29 STREET,QUEENS PLAZA NORTH,,Queens,40.74989747782251,-73.9378116276499
55348,71 AVENUE at 167 STREET,71 AVENUE,167 STREET,,Queens,40.730506671880754,-73.80232962086825
8863,MOHN PLACE at SHIELDS PLACE,MOHN PLACE,SHIELDS PLACE,,S,40.60599156891462,-74.10344856628076
41552,28 STREET at 34 AVENUE,28 STREET,34 AVENUE,,Queens,40.76079776082953,-73.92965061990152
42199,23 STREET at 27 ROAD,23 STREET,27 ROAD,,Queens,40.77101031402771,-73.92506331348741
34176,115 AVENUE at 132 STREET,115 AVENUE,132 STREET,,Queens,40.680042003045045,-73.80893043533993
51638,29 AVENUE at 119 STREET,29 AVENUE,119 STREET,,Queens,40.77201187145857,-73.8488586464171
51678,21 AVENUE at COLLEGE POINT BOULEVARD,21 AVENUE,COLLEGE POINT BOULEVARD,,Queens,40.78085657969872,-73.8459861450466
58564,175 STREET at JEWEL AVENUE,175 STREET,JEWEL AVENUE,,Queens,40.73128904031883,-73.79501846883322
50298,66 ROAD at 108 STREET,66 ROAD,108 STREET,,Queens,40.72961885991307,-73.84789525242886
54724,137 STREET at JEWEL AVENUE,137 STREET,JEWEL AVENUE,,Queens,40.7285592696152,-73.82852362905194
34180,133 STREET at LINCOLN STREET,133 STREET,LINCOLN STREET,,Queens,40.67982022540157,-73.80780671350813
27484,DITMARS STREET at MYRTLE AVENUE,DITMARS STREET,MYRTLE AVENUE,,B,40.697247333684146,-73.93283518386497
41186,53 STREET at QUEENS BOULEVARD,53 STREET,QUEENS BOULEVARD,,Queens,40.742382949378246,-73.91194129655061
31627,81 STREET at 156 AVENUE,81 STREET,156 AVENUE,,Queens,40.662574706458024,-73.85238257042153
34100,128 STREET at FOCH BOULEVARD,128 STREET,FOCH BOULEVARD,,Queens,40.67576045412134,-73.80999248664266
66650,64 STREET at QUEENS BOULEVARD,64 STREET,QUEENS BOULEVARD,,Queens,40.74097046645876,-73.90167929622628
50196,67 ROAD at 102 STREET,67 ROAD,102 STREET,,Queens,40.72686618712597,-73.85198453804061
14110,46 STREET at NEW UTRECHT AVENUE,46 STREET,NEW UTRECHT AVENUE,,B,40.639154168305545,-73.99442564179091
55261,164 STREET at UNION TURNPIKE,164 STREET,UNION TURNPIKE,,Queens,40.72146254596467,-73.80452680253906
58563,73 AVENUE at 175 STREET,73 AVENUE,175 STREET,,Queens,40.72966430581681,-73.79511088749759
31584,81 STREET at 149 AVENUE,81 STREET,149 AVENUE,,Queens,40.66899757108321,-73.85397501172227
24036,RIVERSIDE DRIVE at WEST  132 STREET,RIVERSIDE DRIVE,WEST  132 STREET,,Manhattan,40.81937770953665,-73.95932360969171
41823,39 DRIVE at 52 STREET,39 DRIVE,52 STREET,,Queens,40.747294748894625,-73.91212028787781
14123,41 STREET at NEW UTRECHT AVENUE,41 STREET,NEW UTRECHT AVENUE,,B,40.64360351337983,-73.99424039384621
50171,69 AVENUE at HARROW STREET,69 AVENUE,HARROW STREET,,Queens,40.71680734368526,-73.85222690517305
31575,80 STREET at 149 AVENUE,80 STREET,149 AVENUE,,Queens,40.66886343649728,-73.8549053055
24208,LENOX AVENUE at WEST  121 STREET,LENOX AVENUE,WEST  121 STREET,,Manhattan,40.80521317211652,-73.94735193551652
37353,EDGERTON BOULEVARD at WEXFORD TERRACE,EDGERTON BOULEVARD,WEXFORD TERRACE,,Queens,40.713172051811675,-73.78571900366609
14120,43 STREET at NEW UTRECHT AVENUE,43 STREET,NEW UTRECHT AVENUE,,B,40.641807025173726,-73.99429040165043
82272,64 STREET at BKLYN QNS EXPRESSWAY ENTRANCE SB,64 STREET,BKLYN QNS EXPRESSWAY ENTRANCE SB,,Queens,40.741259683604234,-73.90152248261776
58483,75 AVENUE at 174 STREET,75 AVENUE,174 STREET,,Queens,40.727842196788394,-73.79572137843465
19645,KOSCIUSKO STREET at SPENCER COURT,KOSCIUSKO STREET,SPENCER COURT,,B,40.69028833969797,-73.95432544449986
51741,28 AVENUE at COLLEGE POINT BOULEVARD,28 AVENUE,COLLEGE POINT BOULEVARD,,Queens,40.77310370808798,-73.8456472039473
58917,CHEVY CHASE STREET at HENLEY ROAD,CHEVY CHASE STREET,HENLEY ROAD,,Queens,40.71766606455127,-73.77583648445243
9006972,COLLEGE POINT BOULEVARD at NYCTA SUBWAY,COLLEGE POINT BOULEVARD,NYCTA SUBWAY,,Queens,40.75819716097503,-73.83427449568207
55349,167 STREET at JEWEL AVENUE,167 STREET,JEWEL AVENUE,,Queens,40.73156853747973,-73.80226227332477
58920,87 ROAD at 188 STREET,87 ROAD,188 STREET,,Queens,40.716517273913695,-73.77424799049737
19958,CONSELYEA STREET at GRAHAM AVENUE,CONSELYEA STREET,GRAHAM AVENUE,,B,40.715227669000114,-73.94449970625044
27350,HUMBOLDT STREET at SCHOLES STREET,HUMBOLDT STREET,SCHOLES STREET,,B,40.708943396637416,-73.9417587860404
14129,39 STREET at NEW UTRECHT AVENUE,39 STREET,NEW UTRECHT AVENUE,,B,40.645597965982056,-73.99452709514527
43849,AMSTERDAM AVENUE at WEST  187 STREET,AMSTERDAM AVENUE,WEST  187 STREET,,Manhattan,40.85186332378977,-73.92815116106622
17237,AVENUE I at DAHILL ROAD,AVENUE I,DAHILL ROAD,,B,40.62585277215362,-73.97726150075124
50490,ASCAN AVENUE at AUSTIN STREET,ASCAN AVENUE,AUSTIN STREET,,Queens,40.71836861443863,-73.8405575155186
41881,54 STREET at SKILLMAN AVENUE,54 STREET,SKILLMAN AVENUE,,Queens,40.74556245095443,-73.90993793609279
45370,68 STREET at GARFIELD AVENUE,68 STREET,GARFIELD AVENUE,,Queens,40.736183260969845,-73.89686458203275
58566,JEWEL AVENUE at UTOPIA PARKWAY,JEWEL AVENUE,UTOPIA PARKWAY,,Queens,40.73124678231468,-73.79384983538793
24099,BROADWAY at WEST  130 STREET,BROADWAY,WEST  130 STREET,,Manhattan,40.81693624098268,-73.95738697828506
51653,26 AVENUE at 120 STREET,26 AVENUE,120 STREET,,Queens,40.77452166634647,-73.84823485570669
58477,75 AVENUE at 171 STREET,75 AVENUE,171 STREET,,Queens,40.72744685846396,-73.79841595055555
68820,FLEET STREET at THORNTON PLACE,FLEET STREET,THORNTON PLACE,,Queens,40.72003061264806,-73.85672014367341
13536,14 AVENUE at 56 STREET,14 AVENUE,56 STREET,,B,40.62977591591611,-73.99399551247873
58492,174 STREET at JEWEL AVENUE,174 STREET,JEWEL AVENUE,,Queens,40.73132578643103,-73.79595437952058
37239,HILLSIDE AVENUE at WEXFORD TERRACE,HILLSIDE AVENUE,WEXFORD TERRACE,,Queens,40.7123440011634,-73.78859659502619
45290,64 STREET at QUEENS BOULEVARD,64 STREET,QUEENS BOULEVARD,,Queens,40.74113128535909,-73.90158117126856
8049,ANNFIELD COURT at DEAD END,ANNFIELD COURT,DEAD END,,S,40.59976784061785,-74.10542077845068
58842,HENLEY ROAD at SOMERSET STREET,HENLEY ROAD,SOMERSET STREET,,Queens,40.71818303610042,-73.78032398617012
55361,65 AVENUE at 167 STREET,65 AVENUE,167 STREET,,Queens,40.73666574968688,-73.80192158316228
22315,DRIGGS AVENUE at GRAHAM AVENUE,DRIGGS AVENUE,GRAHAM AVENUE,,B,40.72272748528273,-73.94747417214931
17313,AVENUE I at EAST    5 STREET,AVENUE I,EAST    5 STREET,,B,40.62643116812224,-73.97229894793165
54680,69 ROAD at PARK DRIVE EAST,69 ROAD,PARK DRIVE EAST,,Queens,40.72804033228334,-73.83170465878274
50288,67 ROAD at YELLOWSTONE BOULEVARD,67 ROAD,YELLOWSTONE BOULEVARD,,Queens,40.72771827650768,-73.84912571357324
65220,VAN WYCK EP NB EN COLLEGE PT BL at COLLEGE POINT BOULEVARD,VAN WYCK EP NB EN COLLEGE PT BL,COLLEGE POINT BOULEVARD,,Queens,40.74742679808594,-73.83413036679228
51476,COLLEGE POINT BOULEVARD at KING ROAD,COLLEGE POINT BOULEVARD,KING ROAD,,Queens,40.76138604523342,-73.83528642689855
55341,75 AVENUE at 167 STREET,75 AVENUE,167 STREET,,Queens,40.7274096760144,-73.80205433897429
7969,ANNFIELD COURT at WESTMINSTER COURT,ANNFIELD COURT,WESTMINSTER COURT,,S,40.59947877531034,-74.10718981829201
23834,EAST  108 STREET at LEXINGTON AVENUE,EAST  108 STREET,LEXINGTON AVENUE,,Manhattan,40.79355245356411,-73.94532414747135
24276,LENOX AVENUE at WEST  125 STREET,LENOX AVENUE,WEST  125 STREET,,Manhattan,40.80777262792335,-73.94548195195303
54686,136 STREET at PARK DRIVE EAST,136 STREET,PARK DRIVE EAST,,Queens,40.72991903122652,-73.83307088028066
7824,MERRICK AVENUE at TODT HILL ROAD,MERRICK AVENUE,TODT HILL ROAD,,S,40.60057050616638,-74.11338334400665
45278,48 AVENUE at 65 STREET,48 AVENUE,65 STREET,,Queens,40.73846295991729,-73.90084207183519
22376,GRAHAM AVENUE at SKILLMAN AVENUE,GRAHAM AVENUE,SKILLMAN AVENUE,,B,40.71593876749469,-73.9446148604227
41473,29 STREET at 38 AVENUE,29 STREET,38 AVENUE,,Queens,40.75460422904843,-73.93356089276598
34260,134 STREET at ROCKAWAY BOULEVARD,134 STREET,ROCKAWAY BOULEVARD,,Queens,40.67461191652912,-73.8042765597026
24207,LENOX AVENUE at WEST  120 STREET,LENOX AVENUE,WEST  120 STREET,,Manhattan,40.8045866257085,-73.94781298723116
19422,BERRY STREET at SOUTH    9 STREET,BERRY STREET,SOUTH    9 STREET,,B,40.70890157684518,-73.96580098801648
55426,40 ROAD at COLLEGE POINT BOULEVARD,40 ROAD,COLLEGE POINT BOULEVARD,,Queens,40.7571834391606,-73.83395872869676
50552,76 ROAD at AUSTIN STREET,76 ROAD,AUSTIN STREET,,Queens,40.715740316381726,-73.83672686609069
31560,77 STREET at 156 AVENUE,77 STREET,156 AVENUE,,Queens,40.6619849266799,-73.85618923281855
51898,20 AVENUE at 131 STREET,20 AVENUE,131 STREET,,Queens,40.78165237409782,-73.83777640341226
13591,15 AVENUE at 56 STREET,15 AVENUE,56 STREET,,B,40.62844587446467,-73.99179318981174
24275,LENOX AVENUE at WEST  124 STREET,LENOX AVENUE,WEST  124 STREET,,Manhattan,40.80709814494007,-73.94597765976486
13910,9 AVENUE at 57 STREET,9 AVENUE,57 STREET,,B,40.63586622871073,-74.00558613021724
27373,BUSHWICK AVENUE at DEVOE STREET,BUSHWICK AVENUE,DEVOE STREET,,B,40.714007063561844,-73.941713021821
45292,65 STREET at QUEENS BOULEVARD,65 STREET,QUEENS BOULEVARD,,Queens,40.74100991155911,-73.90057079358239
55396,57 ROAD at COLLEGE POINT BOULEVARD,57 ROAD,COLLEGE POINT BOULEVARD,,Queens,40.74688855853499,-73.83469811221687
14099,48 STREET at NEW UTRECHT AVENUE,48 STREET,NEW UTRECHT AVENUE,,B,40.63746011376061,-73.9946407850867
71396,AMTRAK RAILROAD at ST CLAIRE PLACE,AMTRAK RAILROAD,ST CLAIRE PLACE,,Manhattan,40.81781807516829,-73.961388760736
50102,67 ROAD at BOOTH STREET,67 ROAD,BOOTH STREET,,Queens,40.72536004009012,-73.85351221304731
69259,71 ROAD at 136 STREET,71 ROAD,136 STREET,,Queens,40.725873362682265,-73.82713968249794
46155,58 STREET at NYCTA SUBWAY,58 STREET,NYCTA SUBWAY,,Queens,40.745393164409464,-73.90661325015355
8918,HERKIMER STREET at METROPOLITAN AVENUE,HERKIMER STREET,METROPOLITAN AVENUE,,S,40.623877987698826,-74.10237265913538
45374,49 AVENUE at 66 STREET,49 AVENUE,66 STREET,,Queens,40.737703931395906,-73.89892657222656
13644,56 STREET at BEND,56 STREET,BEND,,B,40.62591040831115,-73.98758966053163
55356,69 AVENUE at 167 STREET,69 AVENUE,167 STREET,,Queens,40.73299114484216,-73.80216724318348
13761,20 AVENUE at WASHINGTON CEMETERY BOUNDARY,20 AVENUE,WASHINGTON CEMETERY BOUNDARY,,B,40.62266531998011,-73.97946678832352
13918,8 AVENUE at 54 STREET,8 AVENUE,54 STREET,,B,40.63887733338937,-74.0060415271324
31625,80 STREET at 157 AVENUE,80 STREET,157 AVENUE,,Queens,40.660853048556994,-73.85297057204951
67975,20 AVENUE at WASHINGTON CEMETERY BOUNDARY,20 AVENUE,WASHINGTON CEMETERY BOUNDARY,,B,40.62122008131736,-73.98097448989387
19642,BEDFORD AVENUE at KOSCIUSKO STREET,BEDFORD AVENUE,KOSCIUSKO STREET,,B,40.69017513628753,-73.95526567417664
51489,35 AVENUE at COLLEGE POINT BOULEVARD,35 AVENUE,COLLEGE POINT BOULEVARD,,Queens,40.763589500376895,-73.83602374184183
51490,COLLEGE POINT BOULEVARD at NORTHERN BOULEVARD,COLLEGE POINT BOULEVARD,NORTHERN BOULEVARD,,Queens,40.762795525613214,-73.83557600478456
14036,11 AVENUE at 54 STREET,11 AVENUE,54 STREET,,B,40.63488515842618,-73.99943387495819
14098,49 STREET at NEW UTRECHT AVENUE,49 STREET,NEW UTRECHT AVENUE,,B,40.6365916207577,-73.99473317507781
8913,CITY BOULEVARD at HERKIMER STREET,CITY BOULEVARD,HERKIMER STREET,,S,40.62375743640419,-74.10351753812347
41461,29 STREET at 40 AVENUE,29 STREET,40 AVENUE,,Queens,40.75228184716148,-73.93561445616201
44423,AMSTERDAM AVENUE at WEST  189 STREET,AMSTERDAM AVENUE,WEST  189 STREET,,Manhattan,40.85311537213517,-73.92723934983042
51641,28 AVENUE at 120 STREET,28 AVENUE,120 STREET,,Queens,40.77316244797949,-73.8478749102473
58836,DALNY ROAD at SOMERSET STREET,DALNY ROAD,SOMERSET STREET,,Queens,40.71604396980888,-73.78010388612957
13646,17 AVENUE at 56 STREET,17 AVENUE,56 STREET,,B,40.625979414618165,-73.98677708831643
24204,LENOX AVENUE at WEST  117 STREET,LENOX AVENUE,WEST  117 STREET,,Manhattan,40.80269954199251,-73.94918716075053
51900,20 AVENUE at 132 STREET,20 AVENUE,132 STREET,,Queens,40.78164957539865,-73.83669385902002
19733,KOSCIUSKO STREET at NOSTRAND AVENUE,KOSCIUSKO STREET,NOSTRAND AVENUE,,B,40.690596700984976,-73.95161156477388
55415,COLLEGE POINT BOULEVARD at FOWLER AVENUE,COLLEGE POINT BOULEVARD,FOWLER AVENUE,,Queens,40.751941789695394,-73.83229535720528
14122,10 AVENUE at NEW UTRECHT AVENUE,10 AVENUE,NEW UTRECHT AVENUE,,B,40.64330091143086,-73.99425993945829
7967,CALLAN AVENUE at WESTMINSTER COURT,CALLAN AVENUE,WESTMINSTER COURT,,S,40.59983637739411,-74.10740597022601
51661,27 AVENUE at COLLEGE POINT BOULEVARD,27 AVENUE,COLLEGE POINT BOULEVARD,,Queens,40.7737951161548,-73.84636885157435
24020,BROADWAY at WEST  125 STREET,BROADWAY,WEST  125 STREET,,Manhattan,40.815690789372525,-73.95829447465431
26820,DEAD END at JEWEL MCCOY LANE,DEAD END,JEWEL MCCOY LANE,,B,40.67799722995013,-73.9339686756089
19416,SOUTH   11 STREET at WYTHE AVENUE,SOUTH   11 STREET,WYTHE AVENUE,,B,40.707637330984305,-73.96738275050892
27115,EAST NEW YORK AVENUE at ST JOHNS PLACE,EAST NEW YORK AVENUE,ST JOHNS PLACE,,B,40.66978754870635,-73.91658460003606
54725,70 ROAD at 136 STREET,70 ROAD,136 STREET,,Queens,40.72672229037338,-73.82843239383932
19512,DRIGGS AVENUE at SOUTH    9 STREET,DRIGGS AVENUE,SOUTH    9 STREET,,B,40.708535685339534,-73.96257262839245
26823,HERKIMER STREET at SCHENECTADY AVENUE,HERKIMER STREET,SCHENECTADY AVENUE,,B,40.67872909479833,-73.93296932668035
17223,20 AVENUE at 53 STREET,20 AVENUE,53 STREET,,B,40.623322718929295,-73.97878400308221
22374,GRAHAM AVENUE at WITHERS STREET,GRAHAM AVENUE,WITHERS STREET,,B,40.71735697727993,-73.94485061181844
19883,DEVOE STREET at LORIMER STREET,DEVOE STREET,LORIMER STREET,,B,40.71332030833443,-73.94924526235015
9034508,COLLEGE POINT BOULEVARD at V WK EXPWY WHTSTN EXPWY RAMP,COLLEGE POINT BOULEVARD,V WK EXPWY WHTSTN EXPWY RAMP,,Queens,40.766559449758,-73.83824191136641
58475,73 AVENUE at 171 STREET,73 AVENUE,171 STREET,,Queens,40.72879571375776,-73.79867199515412
13749,20 AVENUE at 60 STREET,20 AVENUE,60 STREET,,B,40.61938078919351,-73.98288321134426
55338,77 ROAD at 169 STREET,77 ROAD,169 STREET,,Queens,40.72471683138122,-73.79971636138868
24205,LENOX AVENUE at WEST  118 STREET,LENOX AVENUE,WEST  118 STREET,,Manhattan,40.803330768500345,-73.9487279919753
55343,73 AVENUE at 168 STREET,73 AVENUE,168 STREET,,Queens,40.72822623628231,-73.80129846319815
7978,HIGH POINT ROAD at WESTMINSTER COURT,HIGH POINT ROAD,WESTMINSTER COURT,,S,40.60074857043718,-74.1075992120203
13700,18 AVENUE at 56 STREET,18 AVENUE,56 STREET,,B,40.62432309928457,-73.98496213883197
19955,DEVOE STREET at MANHATTAN AVENUE,DEVOE STREET,MANHATTAN AVENUE,,B,40.713637246356726,-73.94594877973871
51479,36 ROAD at COLLEGE POINT BOULEVARD,36 ROAD,COLLEGE POINT BOULEVARD,,Queens,40.76104753699123,-73.83517316822767
14092,12 AVENUE at NEW UTRECHT AVENUE,12 AVENUE,NEW UTRECHT AVENUE,,B,40.63584880620898,-73.99483414899996
17308,AVENUE I at EAST    3 STREET,AVENUE I,EAST    3 STREET,,B,40.626214897911986,-73.97414911495027
51440,58 AVENUE at COLLEGE POINT BOULEVARD,58 AVENUE,COLLEGE POINT BOULEVARD,,Queens,40.746204108749616,-73.83506574737287
26815,DEAD END at HATTIE JONES COURT,DEAD END,HATTIE JONES COURT,,B,40.67803822608511,-73.93486162245308
34262,135 STREET at ROCKAWAY BOULEVARD,135 STREET,ROCKAWAY BOULEVARD,,Queens,40.67455084826198,-73.80359716876805
13691,20 AVENUE at 61 STREET,20 AVENUE,61 STREET,,B,40.618800023990154,-73.98348872576793
