id,lat,lon
3005,34.0485,-118.25854
3006,34.04554,-118.25667
3007,34.05048,-118.25459
3008,34.04661,-118.26273
3010,34.03705,-118.25487
3011,34.04157,-118.26735
3014,34.05661,-118.23721
3016,34.0529,-118.24156
3018,34.04373,-118.26014
3019,34.03861,-118.26086
3020,34.03105,-118.26709
3022,34.04607,-118.23309
3024,34.05772,-118.24897
3025,34.03286,-118.26808
3026,34.06318,-118.24588
3027,34.04998,-118.24716
3028,34.05832,-118.24609
3030,34.05194,-118.24353
3032,34.04989,-118.25588
3033,34.04099,-118.2558
3034,34.04206,-118.26338
3035,34.0484,-118.26095
3036,34.03919,-118.23253
3037,34.0348,-118.23128
3040,34.05357,-118.26636
3042,34.0493,-118.23881
3045,34.02851,-118.25667
3046,34.05287,-118.24749
3047,34.03998,-118.2664
3048,34.04169,-118.23535
3049,34.05697,-118.25359
3052,34.0511,-118.26456
3054,34.03922,-118.23649
3056,34.03746,-118.26538
3058,34.0358,-118.23317
3062,34.04775,-118.24317
3063,34.04804,-118.25374
3064,34.04613,-118.25759
3065,34.06056,-118.23833
3066,34.06339,-118.23616
3067,34.04518,-118.25024
3068,34.0532,-118.25095
3069,34.05088,-118.24825
3074,34.04417,-118.26117
3075,34.04211,-118.25619
3076,34.0406,-118.25384
3077,34.03987,-118.25004
3078,34.06428,-118.23894
3079,34.05014,-118.23319
3081,34.03189,-118.25018
3082,34.04652,-118.23741
4202,33.99116,-118.46829
4204,33.98842,-118.45163
4205,33.99377,-118.45367
4206,33.99834,-118.46101
4207,34.00088,-118.46891
4208,33.99868,-118.47298
4209,33.99624,-118.47745
4210,33.98434,-118.47155
4211,33.98493,-118.46996
4212,33.98813,-118.47174
4213,33.99537,-118.4648
4214,33.99556,-118.48155
4215,34.01431,-118.49134
4216,34.02339,-118.47964
4217,34.04031,-118.25827
4220,34.07483,-118.25873
4227,34.0298,-118.27031
4245,34.02404,-118.28341
4246,34.02371,-118.27917
4247,34.03364,-118.29131
4248,34.02835,-118.28867
4249,34.0203,-118.28118
4250,34.03017,-118.28095
4254,34.02868,-118.28411
4255,33.97366,-118.42286
4266,34.02629,-118.27769
4267,34.02762,-118.28068
4273,34.02586,-118.2841
4275,34.01252,-118.2859
4293,34.06228,-118.27152
4300,34.04887,-118.2743
4301,34.09905,-118.2915
4302,34.09249,-118.29144
4303,34.09801,-118.28707
4304,34.06258,-118.29009
4306,34.05765,-118.29218
4311,34.05969,-118.29466
4312,34.06699,-118.29088
4313,34.05681,-118.275
4314,34.05771,-118.27976
4315,34.05403,-118.27092
4387,34.03352,-118.24184
4390,34.06927,-118.29659
4401,34.07561,-118.29186
4404,34.04813,-118.27103
4405,34.0519,-118.29368
4406,34.10189,-118.30061
4410,34.06335,-118.2968
4436,34.10578,-118.29194
4437,34.10536,-118.28727
4438,34.09493,-118.28456
4439,34.09097,-118.28625
4440,34.06166,-118.29824
4441,34.02662,-118.28181
4442,34.098,-118.30047
4443,34.02209,-118.27979
4444,34.06162,-118.30557
4445,34.07364,-118.25157
4446,34.05323,-118.27842
4447,34.0616,-118.28199
4448,34.03027,-118.27319
4449,34.04557,-118.27419
4450,34.06349,-118.28716
4451,34.10363,-118.29131
4452,34.10233,-118.28746
4453,34.0826,-118.28439
4454,34.0179,-118.29172
4455,34.10936,-118.27181
4456,34.05243,-118.30202
4457,34.10011,-118.28986
4472,34.0926,-118.28093
4473,34.07159,-118.28229
4474,34.11003,-118.28716
4475,34.04518,-118.24325
4476,34.08252,-118.27272
4477,34.10385,-118.32546
4478,34.10424,-118.2737
4479,34.0315,-118.28874
4480,34.05896,-118.25059
4482,34.09437,-118.33101
4483,34.1007,-118.25912
4486,34.06126,-118.2586
4487,34.06211,-118.44692
4490,34.05355,-118.25584
4491,34.04744,-118.24794
4492,34.03687,-118.4255
4493,34.09028,-118.27719
4494,34.07598,-118.25601
4509,34.10164,-118.30917
4510,34.07735,-118.26455
4511,34.05628,-118.23177
4512,34.04381,-118.26497
4514,34.04621,-118.45117
4515,34.03974,-118.44227
4517,34.10196,-118.33885
4518,34.05797,-118.29975
4521,33.99032,-118.41205
4523,34.06875,-118.30928
4524,34.06163,-118.30119
4525,34.10038,-118.3418
4526,34.10338,-118.34919
4527,34.102,-118.33741
4528,34.06097,-118.44437
4529,34.10186,-118.33329
4534,34.10186,-118.32811
4536,33.98908,-118.46226
4537,34.09823,-118.33882
4538,34.06543,-118.30882
4540,34.04776,-118.22541
4543,33.95718,-118.45125
4544,33.92846,-118.4352
4545,33.95879,-118.44828
4546,34.0314,-118.45363
4547,33.9897,-118.44888
4548,34.02683,-118.39352
4549,34.02245,-118.43833
4552,33.99097,-118.4213
4553,33.99958,-118.44136
4554,34.00351,-118.43438
4555,34.00587,-118.42916
4556,34.00902,-118.42501
4557,34.0118,-118.41944
4558,34.02569,-118.3953
4559,34.02228,-118.41583
4561,34.02006,-118.42268
4562,34.02697,-118.42821
4563,34.01745,-118.40957
4564,34.03535,-118.43414
4565,33.98995,-118.43467
4566,34.02339,-118.39922
4567,34.02018,-118.40403
4568,34.02912,-118.40317
4569,34.02655,-118.40846
4570,34.01376,-118.4178
4571,34.02765,-118.41356
4572,34.02948,-118.41047
4573,34.03047,-118.42098
4575,34.00031,-118.40253
4576,34.02258,-118.40551
4577,33.99302,-118.41491
4578,34.04298,-118.25295
4579,33.98486,-118.43113
4580,33.98293,-118.41083
4581,33.97024,-118.42607
4582,33.98099,-118.41488
4583,33.97619,-118.41842
4584,34.09435,-118.32636
4587,34.06079,-118.30907
4592,34.04872,-118.26073
4595,34.16835,-118.3875
4596,34.16833,-118.39616
4597,34.16522,-118.35515
4598,34.16552,-118.37515
4599,34.16875,-118.36187
4600,34.17765,-118.38231
4601,34.16171,-118.37282
4602,34.17248,-118.37042
4603,34.15214,-118.36195
4604,34.15832,-118.37081
4605,34.152,-118.3506
4606,34.16863,-118.37707
4613,34.06975,-118.44535
4614,34.07365,-118.43984
4627,34.10185,-118.32514
4628,34.05978,-118.28854
4632,33.98667,-118.44095
4634,34.04724,-118.21976
4643,34.07262,-118.44944
4644,34.06186,-118.45002
4645,34.02341,-118.42901
4652,34.02705,-118.48518
4660,33.99724,-118.44673
4664,34.05516,-118.30899
4667,34.08394,-118.36103
4672,34.04502,-118.25319
4680,34.04352,-118.25509
4689,34.02385,-118.42607
4690,34.17245,-118.37037
4691,34.02552,-118.3531
4692,34.02553,-118.3531
4693,34.06173,-118.29337
4696,33.98938,-118.26495
4697,33.9895,-118.248
4698,33.98934,-118.28235
4699,33.9893,-118.29119
4700,33.9893,-118.3042
4702,34.04731,-118.29969
4703,34.02393,-118.25088
4704,33.93739,-118.25435
4707,34.08788,-118.29492
4708,34.03056,-118.38058
4723,33.99076,-118.46706
4726,34.05702,-118.23708
4727,34.04839,-118.17927
4729,34.06417,-118.25926
4730,34.0894,-118.29216
4732,34.02828,-118.38985
4733,33.99131,-118.47741
4734,34.0625,-118.36012
4735,34.06254,-118.34453
4736,34.06557,-118.37586
4737,34.03885,-118.46702
4739,34.07134,-118.36154
4740,34.01332,-118.49136
4741,33.91978,-118.26009
