cosit,name,description,city,county,lat,lng,node,directionality,speedLimit
000000010183,001-0183,SR169 btwn Wayne Co Line & SR 121,Baxley,Appling,31.83156,-82.08647,GDOT_CCS,N,24587.0
000000010185,001-0185,Red Oak Rd btwn SR203 & Cameron Rd,Baxley,Appling,31.60285,-82.30816,GDOT_CCS,N,20117.0
000000030132,003-0132,"US-82/SR-520 W of US-221,441 (WIM-0FF CV ONLY)",Pearson,Atkinson,31.30711,-82.90154,GDOT_CCS,E,24587.0
000000030138,003-0138,"US-82/SR520 E of US-221/SR31,89 Atkinson Co.",Pearson,Atkinson,31.29545,-82.83771,GDOT_CCS,E,24587.0
000000050125,005-0125,"US-1/SR4, 4 mi N of Alma Bacon Co.",Alma,Bacon,31.60861,-82.46186,GDOT_CCS,N,24587.0
000000090156,009-0156,"SR22 W of SR24, Milledgeville",Milledgeville,Baldwin,33.08699,-83.17217,GDOT_CCS,E,20117.0
000000110103,011-0103,US-441/SR15 N of I-85 Banks Co.,Commerce,Banks,34.27933,-83.4653,GDOT_CCS,N,24587.0
000000130036,013-0036,Atlanta Hwy E of Giles Rd Barrow Co.,Winder,Barrow,33.977506,-83.653307,GDOT_CCS,E,20117.0
000000150118,015-0118,"US-41/SR-3 E of Grassdale Rd, Cartrsvle",Cartersville,Bartow,34.20436,-84.81052,GDOT_CCS,N,20117.0
000000150178,015-0178,"SR61 N of SR20, Cartersville",Cartersville,Bartow,34.21478,-84.79405,GDOT_CCS,N,17882.0
000000150276,015-0276,I-75 N of SR 20 Bartow Co. (4/6L-QLQ),Cartersville,Bartow,34.221408,-84.752186,GDOT_CCS,N,31293.0
000000170143,017-0143,"SR 11 N of SR 11SO @Bush Ave, Fitzgerald",Fitzgerald,Ben Hill,31.72888,-83.24709,GDOT_CCS,N,20117.0
000000210116,021-0116,US-80/SR22 W of I-475,Lizella,Bibb,32.806364,-83.840971,GDOT_CCS,E,24587.0
000000210132,021-0132,US-80/SR22 W of Bloomfield Rd,Macon,Bibb,32.81605,-83.70278,GDOT_CCS,E,20117.0
000000210158,021-0158,"SR11,SR49 N Of US-129, Rutland, Bibb Co.(camera)",Macon,Bibb,32.73613,-83.65584,GDOT_CCS,N,24587.0
000000210198,021-0198,"SR74/Mercer Univ Dr W of I-75 & Edna Pl Rd, Macon",Macon,Bibb,32.8205,-83.6917,GDOT_CCS,E,
000000210258,021-0258,US-129/SR247 N of Avondale Mill Rd Bibb Co.,Macon,Bibb,32.69353,-83.63828,GDOT_CCS,N,24587.0
000000210267,021-0267,US-41/SR247 N of I-75  Macon,Macon,Bibb,32.799758,-83.664867,GDOT_CCS,N,20117.0
000000210334,021-0334,I-75/SR401 N of I-475 Split ,Macon,Bibb,32.78161,-83.67782,GDOT_CCS,N,31293.0
000000210349,021-0349,"I-75 S of I-16 @Walnut St, Macon",Macon,Bibb,32.84622,-83.64252,GDOT_CCS,N,
000000210356,021-0356,"I-75 N of I-16 @N'Side Dr, Macon",Macon,Bibb,32.8925,-83.67772,GDOT_CCS,N,31293.0
000000210365,021-0365,"I-16 S of I-75 Split, Macon, Bibb Co",Macon,Bibb,32.85172,-83.63135,GDOT_CCS,E,
000000210372,021-0372,"I-16 bn SR22 & Coliseum Dr/US80/SR87, Macon",Macon,Bibb,32.84222,-83.62281,GDOT_CCS,E,
000000210376,021-0376,I-16 S of US29AL/SR87 @Marion Rd Bibb Co.(RW-VOL),Macon,Bibb,32.77391,-83.55789,GDOT_CCS,E,31293.0
000000210378,021-0378,I-475 S of SR22 (CL/WIM-OFF VOL ONLY),Macon,Bibb,32.79937,-83.72124,GDOT_CCS,N,29058.0
000000210541,021-0541,"SR74/Mercer Univ Dr W of I-75 & Grosso Ave, Macon (Const 10/21/25)",Macon,Bibb,32.826065,-83.671716,GDOT_CCS,E,20117.0
000000210587,021-0587,Anthony Rd W of Pio Nono Ave,Macon,Bibb,32.820214,-83.671836,GDOT_CCS,E,20117.0
000000210589,021-0589,"Anthony Rd bn Canton & Ashley Sts, Macon",Macon,Bibb,32.819994,-83.653101,GDOT_CCS,E,
000000217334,021-w334,"I-75 N of I-475 Split, Macon (2/4L-KLK) ",Macon,Bibb,32.779743,-83.680732,GDOT_CCS,N,29058.0
000000230152,023-0152,US-23BU/SR112 N of Vernon Rd Bleckley Co.,Cochran,Bleckley,32.413435,-83.356782,GDOT_CCS,N,15646.0
000000250163,025-0163,US-82/SR520 E of SR110 Brantley Co.,Waynesville,Brantley,31.22764,-81.80863,GDOT_CCS,E,24587.0
000000290103,029-0103,US-17/SR-25 W of I-95,Richmond Hill,Bryan,31.91201,-81.352734,GDOT_CCS,N,24587.0
000000290178,029-0178,"Ford Ave W of SR-25, Savannah",Richmond High,Bryan,31.956982,-81.323888,GDOT_CCS,E,20117.0
000000290189,029-0189,I-16 W of SR30 Bryan County,Ellabell,Bryan,32.19947,-81.48454,GDOT_CCS,E,31293.0
000000310187,031-0187,"US-25/SR73 S of AJ Riggs Rd, Statesboro",Statesboro,Bulloch,32.371194,-81.848587,GDOT_CCS,N,24587.0
000000330271,033-0271,"Spring Valley Rd E of Herndon & Wood Valley Rds, Waynesboro",Waynesboro,Burke,33.075366,-82.016535,GDOT_CCS,N,
000000350127,035-0127,I-75 2 mi N of SR36 @Colwell Rd Butts Co.,Jackson,Butts,33.22593,-84.07545,GDOT_CCS,N,31293.0
000000390145,039-0145,SR-40 (E King Ave) E of I-95,Kingsland,Camden,30.784791,-81.640086,GDOT_CCS,E,20117.0
000000390218,039-0218,I-95: N of Fla SL line Camden Co.(4/6L-QLQ),Kingsland,Camden,30.752565,-81.650985,GDOT_CCS,N,31293.0
000000390228,039-0228,I-95 N of Horse Stamp Ch Rd (RW-NBL3-MILLED),Woodbine,Camden,31.06446,-81.63084,GDOT_CCS,N,31293.0
000000430163,043-0163,I-16 E of SR-129 Candler Co.,Metter,Candler,32.372942,-82.030981,GDOT_CCS,E,31293.0
000000470114,047-0114,I-75 btwn SR146 & Tennessee Line (WIM-OFF-C/V ONLY),Ringgold,Catoosa,34.985084,-85.201047,GDOT_CCS,N,29058.0
000000510107,051-0107,"SR21SP/Brampton Rd E of Main St, Garden City",Garden City,Chatham,32.11303,-81.13841,GDOT_CCS,E,15646.0
000000510109,051-0109,SR21 N of I-95 & Rice Mill Rd (CL/WIM OFF VOL ONLY),Savannah,Chatham,32.223855,-81.194992,GDOT_CCS,N,24587.0
000000510126,051-0126,"SR26CO S of I-516, Savannah, Chatham Co",Savannah,Chatham,32.0982,-81.1435,GDOT_CCS,E,
000000510129,051-0129,"I-516 W of SR25 Conn/W Bay St, Savannah",Savannah,Chatham,32.09466,-81.13489,GDOT_CCS,N,24587.0
000000510132,051-0132,I-516 btwn Gwinnett St. & Augusta Ave,Savannah,Chatham,32.08096,-81.13169,GDOT_CCS,N,24587.0
000000510137,051-0137,I-516 S of I-16 @Ford Ave (shoulder-work),Savannah,Chatham,32.06166,-81.13849,GDOT_CCS,N,24587.0
000000510138,051-0138,"I-516/SR421 W Of SR204, Savannah (camera)",Savannah,Chatham,32.033222,-81.127631,GDOT_CCS,N,24587.0
000000510169,051-0169,US-17/Speedway Blvd @GA/SC Border,,Chatham,32.097452,-81.092265,GDOT_CCS,N,
000000510264,051-0264,US-80/SR26/Louisville Rd E of I-95 (CL/WIM-OFF-VOL ONLY),Savannah,Chatham,32.09632,-81.21342,GDOT_CCS,E,22352.0
000000510318,051-0318,SR204 W of I-95,Savannah,Chatham,32.00846,-81.29093,GDOT_CCS,E,20117.0
000000510334,051-0334,"SR204/Abercorn St S of E Derenne Ave, Savannah",Savannah,Chatham,32.020959,-81.110769,GDOT_CCS,E,20117.0
000000510365,051-0365,I-16 btn SR17 & I-95 (VOL-CONST),Savannah,Chatham,32.07981,-81.2689,GDOT_CCS,E,29058.0
000000510368,051-0368,I-16 East of Dean Forest exit.,Savannah,Chatham,32.06899,-81.19281,GDOT_CCS,E,29058.0
000000510369,051-0369,"I-16: W of I-516/SR21, Savannah(CONST)",Savannah,Chatham,32.07277,-81.15187,GDOT_CCS,E,24587.0
000000510376,051-0376,I-16 N of W Gwinnett St & US-17/SR404SP,Savannah,Chatham,32.07188,-81.10406,GDOT_CCS,E,20117.0
000000510383,051-0383,"I-95 btwn SR 26 & I-16, preferably as close to I-16 as possible (MP 102)",Savannah,Chatham,32.0963,-81.23688,GDOT_CCS,N,31293.0
000000510387,051-0387,I-95 N of SR-21 @ SC SL (4/6-KLK),Savannah,Chatham,32.2001,-81.18755,GDOT_CCS,N,31293.0
000000510390,051-0390,I-95 Welcome Center To I-95 SB,,Chatham,32.214999,-81.175889,GDOT_CCS,E,13411.0
000000510443,051-0443,Islands Expy W of US80/SR26 nr Oatland Is Rd,Savannah,Chatham,32.0586,-81.02247,GDOT_CCS,E,24587.0
000000510509,051-0509,Habersham St N of Stephenson Ave,Savannah,Chatham,32.01574,-81.11022,GDOT_CCS,N,11176.0
000000510649,051-0649,"Louisvle Rd E of I-516, Savnnh",Savannah,Chatham,32.08184,-81.12214,GDOT_CCS,E,20117.0
000000510700,051-0700,SR21AL/Jimmy Deloach Pky N of Grange Rd (4/4L-PLP),Port Wentworth,Chatham,32.14379,-81.17065,GDOT_CCS,N,24587.0
000000511113,051-1113,Grange Rd W of Jimmy Deloach Pkwy(2L-KLK),Port Wentworth,Chatham,32.13596,-81.16945,GDOT_CCS,E,13411.0
000000519215,051-9215,SR-204 To I-16 WB (Ramp),Savannah,Chatham,32.06271,-81.11111,GDOT_CCS,W,24587.0
000000519216,051-9216,SR404 SPUR WB TO I-16 (camera),Savannah,Chatham,32.07065,-81.10648,GDOT_CCS,W,24587.0
000000519816,051-9816,I-16 EB to SR204 - Ramp,Savannah,Chatham,32.0626,-81.11119,GDOT_CCS,E,24587.0
000000519818,051-9818,I-16 EB To SR 404SP (Ramp),Savannah,Chatham,32.069135,-81.107897,GDOT_CCS,E,24587.0
000000519827,051-9827,US-17/Speedway Blvd NB To Savannah Harbor Pkwy,,Chatham,32.097193,-81.092027,GDOT_CCS,N,
000000519828,051-9828,Savannah Harbor Pkwy To US-17/Speedway Blvd SB,,Chatham,32.097407,-81.092684,GDOT_CCS,S,
000000570341,057-0341,W Wylie Br Rd Cherokee Co.,Woodstock,Cherokee,34.09023,-84.44281,GDOT_CCS,N,15646.0
000000590014,059-0014,SR422 W of Prince Ave ,Athens,Clarke,33.969319,-83.42014,GDOT_CCS,E,29058.0
000000590087,059-0087,US-441/GA-15 N of Creek Stone Ct,Athens,Clarke,33.986973,-83.37758,GDOT_CCS,N,20117.0
000000590118,059-0118,"SR15 ALT/Prince Ave W of N Chase St, Athens",Athens,Clarke,33.96213,-83.39454,GDOT_CCS,N,15646.0
000000590367,059-0367,W Lake Dr S of US78BU/SR10 & Alpine Way,Athens,Clarke,33.942019,-83.408402,GDOT_CCS,N,20117.0
000000590441,059-0441,"CR 1037/N Chase St S of US129 @Bryan St, Athens",Athens,Clarke,33.9701,-83.3923,GDOT_CCS,N,
000000590611,059-0611,CR 203/Athena Dr: ,Athens,Clarke,33.97155,-83.31554,GDOT_CCS,E,20117.0
000000590613,059-0613,Vincent Dr btwn Jefferson River Rd & Newton Br Rd,Athens,Clarke,33.998209,-83.40873,GDOT_CCS,E,20117.0
000000610109,061-0109,US-27/SR1 S of SR37 & Chulee Rd/CR-19 Clay Co.,Bluffton,Clay,31.57966,-84.84998,GDOT_CCS,N,29058.0
000000630005,063-0005,SR3 Tara Blvd N/O SR92/McDonough Rd ,Hampton,Clayton,33.46206,-84.33224,GDOT_CCS,N,24587.0
000000630096,063-0096,SR85 btwn Flint River Rd & SR138,Riverdale,Clayton,33.528085,-84.420954,GDOT_CCS,N,20117.0
000000630383,063-0383,"Thomas Rd N of SR54, Atlanta",Jonesboro,Clayton,33.48828,-84.39779,GDOT_CCS,N,20117.0
000000631023,063-1023,US-19/Tara Blvd S of Mt Zion Rd,Jonesboro,Clayton,33.5677,-84.3715,GDOT_CCS,N,20117.0
000000631032,063-1032,US-19/Old Dixie Rd bn Morrow Rd & Forest Pkwy,Forest Park,Clayton,33.59292,-84.37698,GDOT_CCS,N,20117.0
000000631172,063-1172,"Forest Pkwy E of US-19,41/SR3, Forest Park",Forest Park,Clayton,33.62067,-84.36677,GDOT_CCS,E,17882.0
000000631192,063-1192,I-75 btwn 19/41 & Forest Parkway (RW-VOL),Forest Park,Clayton,33.59806,-84.3896,GDOT_CCS,N,31293.0
000000631194,063-1194,I-75 btwn SR331/Forest Pkwy & I-285,Forest Park,Clayton,33.627076,-84.400211,GDOT_CCS,N,29058.0
000000631201,063-1201,I-285 E of US-19/US-41 ,Forest Park,Clayton,33.64036,-84.3764,GDOT_CCS,E,29058.0
000000631207,063-1207,I-285 E of Riverdale Rd,Atlanta,Clayton,33.618927,-84.433062,GDOT_CCS,E,29058.0
000000650118,065-0118,"US-84/SR38 E of US441/SR89, Homerville",Homerville,Clinch,31.06038,-82.68363,GDOT_CCS,E,
000000650125,065-0125,"SR89 S of SR94, Clinch Co",Fargo,Clinch,30.6788,-82.55799,GDOT_CCS,N,20117.0
000000670774,067-0774,"I-575 N of  I-75 Split, Marietta, Cobb Co",Marietta,Cobb,34.00268,-84.56112,GDOT_CCS,N,24587.0
000000670781,067-0781,"I-575/SR417 S of SR92 @Shallowfrd Rd, Kennesaw",Kennesaw,Cobb,34.06831,-84.54011,GDOT_CCS,N,
000000672141,067-2141,US-41/Cobb Pkwy S of Franklin Rd,Marietta,Cobb,33.91388,-84.49749,GDOT_CCS,N,20117.0
000000672330,067-2330,US-278/SR 6 E of Powder Springs Dallas Rd(RW-VOL ONLY)),Powder Springs,Cobb,33.850103,-84.695758,GDOT_CCS,E,24587.0
000000672334,067-2334,CR 4516/Powder Springs Dallas Rd N of Angham Rd (RETIRED),Powder Springs,Cobb,33.8729,-84.71427,GDOT_CCS,N,20117.0
000000672373,067-2373,"I-285 S of Paces Ferry Rd, Cobb Co. (camera)",Atlanta,Cobb,33.855154,-84.483162,GDOT_CCS,N,29058.0
000000672429,067-2429,S Marietta Pkwy W of Cobb Pkwy,Marietta,Cobb,33.94118,-84.52686,GDOT_CCS,E,20117.0
000000672607,067-2607,SR280 S of Ridge Rd @Lake Laurel Rd (Paved 3-11-23),Smyrna,Cobb,33.85104,-84.50905,GDOT_CCS,N,20117.0
000000672623,067-2623,S Cobb Dr S of Barclay Rd @Dobbins AFB,Marietta,Cobb,33.925885,-84.518599,GDOT_CCS,E,24587.0
000000672738,067-2738,"I-75 N of I-285 @Terrell Mill Rd SE, Marietta",Marietta,Cobb,33.91237,-84.47911,GDOT_CCS,N,
000000672749,067-2749,"I-75 S of I-575 Split, Marietta",Marietta,Cobb,33.9915,-84.55192,GDOT_CCS,N,
000000679006,067-9006,I-285 E/W TO I-75 NB (Ramp)	,Marietta,Cobb,33.89681,-84.4665,GDOT_CCS,N,20117.0
000000679109,067-9109,I-285 EB TO I-75 (Ramp),Smyrna,Cobb,33.88643,-84.46664,GDOT_CCS,E,24587.0
000000679921,067-9921,I-285 TO I-75NB/I-285 EB LEADING  (CHEVRON 21) (Ramp),Atlanta,Cobb,33.88849,-84.46273,GDOT_CCS,E,20117.0
000000679922,067-9922,I-285 EB TO I-75 NB TRAILING (CHEVRON 22) (Ramp),Atlanta,Cobb,33.88986,-84.46014,GDOT_CCS,E,24587.0
000000810347,081-0347,SR300 N of Old Albany Rd (2/4L-KLK),Cordele,Crisp,31.92317,-83.78706,GDOT_CCS,E,29058.0
000000817347,081-w347,"SR300 W of I-75 & US-41/SR7 @Culpepper Rd, Cordele (RETIRED)",Cordele,Crisp,31.923171,-83.78711,GDOT_CCS,E,
000000830194,083-0194,I-59/SR406 S of SR136 Dade Co. (WIM OFF-CL/VOL ONLY),Trenton,Dade,34.822131,-85.539247,GDOT_CCS,N,31293.0
000000830209,083-0209,"I-24/SR409 bn TN SL & I-59, Dade Co ",Trenton,Dade,34.97755,-85.45655,GDOT_CCS,E,31293.0
000000830214,083-0214,I-24 bn TN State Line & SR299 (PAVED OVER),Chattanooga,Dade,34.98266,-85.40953,GDOT_CCS,E,31293.0
000000870103,087-0103,US-27/SR1 N of SR262 (CL/WIM-OFF-VOL ONLY),Attapulgus,Decatur,30.73387,-84.45188,GDOT_CCS,N,29058.0
000000870125,087-0125,US-27/SR1 N of SR253 Decatur Co.(4/4L-QLQ),Bainbridge,Decatur,30.91494,-84.59775,GDOT_CCS,N,24587.0
000000890314,089-0314,I-20 E of Panola Rd (Removed-07-19-23 Const),Atlanta,DeKalb,33.70319,-84.14613,GDOT_CCS,E,31293.0
000000890644,089-0644,Chamblee Tuckr Rd btwn Buford Hwy & New P'tree Rd,Chamblee,DeKalb,33.88564,-84.29655,GDOT_CCS,E,20117.0
000000890927,089-0927,I-675 between Clayton/Dekalb Co line and I-285,Atlanta,DeKalb,33.65766,-84.32519,GDOT_CCS,N,31293.0
000000893047,089-3047,"SR10 E of I-285 bn Rockbrg & Rays Rds, Stone Mtn (RETIRED)",Stone Mountain,DeKalb,33.79204,-84.22886,GDOT_CCS,E,
000000893058,089-3058,US-78/Stone Mtn Fwy @ Silver Hill Rd (SB-VOL),Atlanta,DeKalb,33.822771,-84.158749,GDOT_CCS,E,29058.0
000000893065,089-3065,"US-278/SR12 S of SR154 Spur & Midway Rd, Decatur (RETIRED)",Decatur,DeKalb,33.7645,-84.2511,GDOT_CCS,E,
000000893236,089-3236,US-23/Clairmont Rd S of Lavista Rd,Atlanta,DeKalb,33.816468,-84.305902,GDOT_CCS,N,17882.0
000000893307,089-3307,I-20/SR402 W of I-285(East) (Paved),Atlanta,DeKalb,33.7157,-84.25111,GDOT_CCS,E,29058.0
000000893323,089-3323,I-85 at North Druid Hills Road(SPD/VOL),Atlanta,Dekalb,33.82764,-84.34427,GDOT_CCS,N,29058.0
000000893332,089-3332,I-85 N of Chamblee Tucker Rd (SB-VOL),Atlanta,DeKalb,33.883829,-84.268705,GDOT_CCS,N,29058.0
000000893341,089-3341,"I-285 E of I-675, ATL",Atlanta,DeKalb,33.679387,-84.316294,GDOT_CCS,E,29058.0
000000893354,089-3354,I-285 S of Church St (SB-VOL),Atlanta,DeKalb,33.789644,-84.24692,GDOT_CCS,N,29058.0
000000893363,089-3363,I-285 S of Chamblee-Tucker nr Henderson Mill,Atlanta,DeKalb,33.8765,-84.24943,GDOT_CCS,N,29058.0
000000893374,089-3374,I-285 @ Shallowford Road,Atlanta,DeKalb,33.92031,-84.3041,GDOT_CCS,E,29058.0
000000893383,089-3383,US-78/SR410 W of I-285 ,Atlanta,DeKalb,33.811181,-84.260987,GDOT_CCS,E,29058.0
000000893385,089-3385,"US-78/Stone Mtn Fwy E of I-285, ATL",Atlanta,DeKalb,33.82047,-84.242493,GDOT_CCS,E,29058.0
000000893438,089-3438,Chamblee Dunwdy Rd N of SR141,Chamblee,DeKalb,33.90543,-84.31039,GDOT_CCS,N,20117.0
000000893572,089-3572,"Dunwdy Club Dr E of Kimbrough Ct, ATL",Atlanta,DeKalb,33.95743,-84.28679,GDOT_CCS,E,20117.0
000000893638,089-3638,Pleasantdale Rd N of Chmblee Tuckr Rd,Atlanta,DeKalb,33.88681,-84.22491,GDOT_CCS,E,20117.0
000000899012,089-9012,I-285 WB CD 4 To I-85 NB (VOL),Atlanta,DeKalb,33.89112,-84.25682,GDOT_CCS,N,20117.0
000000899014,089-9014,I-285 NB CD 3 To I-85 NB CD 2 (R0AD-WORK),Atlanta,DeKalb,33.8911,-84.25657,GDOT_CCS,N,24587.0
000000899105,089-9105,I-285 EB To SR141/Peachtree Ind Blvd SB (camera),Atlanta,DeKalb,33.91322,-84.28733,GDOT_CCS,E,13411.0
000000899118,089-9118,I-85 NB CD 1 TO I-285 SB (camera-CL-OFF-VOL ONLY),Atlanta,DeKalb,33.885968,-84.252274,GDOT_CCS,N,24587.0
000000899171,089-9171,I-675 NB TO I-285 WB (VOL),Atlanta,DeKalb,33.67288,-84.33253,GDOT_CCS,N,20117.0
000000899172,089-9172,I-285 WB TO I-675 SB - Ramp,Atlanta,DeKalb,33.67564,-84.32649,GDOT_CCS,W,29058.0
000000899305,089-9305,Stone Mtn Fwy WB TO I-285 N/S - Ramp,Atlanta,DeKalb,33.81839,-84.2477,GDOT_CCS,W,24587.0
000000899611,089-9611,I-85 SB to I-285 WB - Ramp(VOL),Atlanta,DeKalb,33.89367,-84.25955,GDOT_CCS,S,24587.0
000000899707,089-9707,I-285 WB to SR141/Peachtree Ind Blvd SB - Ramp (camera),Atlanta,DeKalb,33.91419,-84.28694,GDOT_CCS,W,20117.0
000000899717,089-9717,I-285 WB TO I-85 N/S (camera),Atlanta,DeKalb,33.886793,-84.252118,GDOT_CCS,W,24587.0
000000899907,089-9907,US-78 EB to I-285 N/S (Ramp),Atlanta,DeKalb,33.81317,-84.2559,GDOT_CCS,E,24587.0
000000950032,095-0032,"SR520BU/W Oglethorpe Blvd E of SR234, Albany (RETIRED)",Albany,Dougherty,31.5753,-84.17252,GDOT_CCS,E,
000000950189,095-0189,SR234/Gillionvle Rd E of Forest Glen Dr-Albany,Albany,Dougherty,31.58577,-84.21229,GDOT_CCS,E,20117.0
000000950672,095-0672,CS 066601/Valencia Dr S of SR234 & W Oglthrpe Blvd (RETIRED),Albany,Dougherty,31.57515,-84.19601,GDOT_CCS,N,11176.0
000000970107,097-0107,I-20 E of Mirror Lake Blvd (Paved 7-15-24 - EB L1),Villa Rica,Douglas,33.721602,-84.878691,GDOT_CCS,E,31293.0
000000974047,097-4047,"SR6/Thornton Rd N of I-20 & Markam Rd, Lithia Sprgs (RETIRED)",Lithia Springs,Douglas,33.79016,-84.6255,GDOT_CCS,E,
000001030159,103-0159,US-80/SR26 W of SR17-Effingham Co (CL/WIM OFF VOL ONLY),Bloomingdale,Effingham,32.1542,-81.35644,GDOT_CCS,E,22352.0
000001070092,107-0092,US-80/SR26 btwn Antioch Ch Rd & 5th Ave/SR192,Twin City,Emanuel,32.58809,-82.17612,GDOT_CCS,E,24587.0
000001110169,111-0169,"Old GA-2 W of SR5 nr W Wood Dr, Blue Ridge",Blue Ridge,Fannin,34.900362,-84.39428,GDOT_CCS,E,17882.0
000001110269,111-0269,"US-76/SR515 W of SR60, Blue Ridge",Blue Ridge,Fannin,34.891991,-84.27561,GDOT_CCS,N,31293.0
000001130247,113-0247,"SR92 btwn SR85 & Harp Rd, Fayetteville (RETIRED)",Fayetteville,Fayette,33.413187,-84.443391,GDOT_CCS,E,
000001130316,113-0316,"Robinson Rd S of SR54 @Windgate Rd, P'tree City",Peachtree City,Fayette,33.39744,-84.55165,GDOT_CCS,N,20117.0
000001150018,115-0018,"US-27/SR1 S of US411/SR20 & Primrose Rd, Rome (RETIRED)",Rome,Floyd,34.207811,-85.191337,GDOT_CCS,N,
000001150025,115-0025,"US-27/SR1 N of US-27,411/SR-20 (Paved 08-04-22)",Rome,Floyd,34.23257,-85.16234,GDOT_CCS,N,20117.0
000001150052,115-0052,GA-20 W of SR100 GA/AL St Line(2L-PLP)(Log Route),Rome,Floyd,34.25742,-85.42741,GDOT_CCS,E,24587.0
000001150081,115-0081,US-411 E of SR 1LP Rome ,Rome,Floyd,34.20732,-85.06112,GDOT_CCS,E,29058.0
000001150341,115-0341,"CS 112409/Broad St W of SR101 @Coosa St, Rome (RETIRED)",Rome,Floyd,34.24854,-85.17836,GDOT_CCS,N,
000001170059,117-0059,"CR741/Bannister Rd W of SR9 nr Hedgerose Dr, Cumming",Cumming,Forsyth,34.32176,-84.13818,GDOT_CCS,N,24587.0
000001170080,117-0080,SR400 N of Windward Pkwy (RW-NBL4-Shift-2-6-23),Alpharetta,Forsyth,34.108149,-84.236375,GDOT_CCS,N,31293.0
000001170081,117-0081,GA-400 N of Majors Rd MP 27 (Camera),Cumming,Forsyth,34.14939,-84.188669,GDOT_CCS,N,29058.0
000001190292,119-0292,"I-85 btwn SR-51/SR-59/Franklin Springs & SR-320, Carnesville",Carnesville,Franklin,34.36644,-83.284743,GDOT_CCS,N,31293.0
000001210124,121-0124,"SR9/Roswell Rd, N of Dalrymple Rd, ATL (RETIRED)",Atlanta,Fulton,33.95773,-84.36489,GDOT_CCS,N,
000001210178,121-0178,US-29/SR14/Roosevelt Hwy S of SR74(camera),Fairburn,Fulton,33.548033,-84.606527,GDOT_CCS,N,24587.0
000001210190,121-0190,"GA14 S of Alexander Ave, Fulton Co. ",Union City,Fulton,33.58682,-84.54882,GDOT_CCS,N,20117.0
000001210456,121-0456,GA400 S of Windsor Pkwy (camera CL-OFF-VOL ONLY),Atlanta,Fulton,33.87719,-84.364564,GDOT_CCS,N,29058.0
000001210458,121-0458,GA-400 N of Mansell Rd,Atlanta,Fulton,34.050883,-84.29718,GDOT_CCS,N,29058.0
000001210516,121-0516,I-85:bn Flat Shoals Rd & I-285(Guardrail damage 03-08-24),Atlanta,Fulton,33.5945,-84.49743,GDOT_CCS,N,29058.0
000001210795,121-0795,SR92/Woodstock Rd E of Mabry Rd (camera),Roswell,Fulton,34.062047,-84.407958,GDOT_CCS,E,24587.0
000001210863,121-0863,Old Alabama Rd W of Nesbit Ferry Rd ,Roswell,Fulton,34.02513,-84.29591,GDOT_CCS,E,20117.0
000001210989,121-0989,"CS 000603/W Wesley Rd E of I-75 nr Chatsworth Pl, ATL (RETIRED)",Atlanta,Fulton,33.82873,-84.42027,GDOT_CCS,N,
000001215016,121-5016,"US-19/SR3/N'side Dr N of 11th St, ATL (RETIRED)",Atlanta,Fulton,33.7837,-84.4075,GDOT_CCS,N,
000001215108,121-5108,"SR9/Peachtree Rd S of Lindberg Dr, ATL (RETIRED)",Atlanta,Fulton,33.811382,-84.392342,GDOT_CCS,N,20117.0
000001215110,121-5110,US-19/SR9 S of Pharr Rd @Lakeview Ave,Atlanta,Fulton,33.825909,-84.387461,GDOT_CCS,N,15646.0
000001215114,121-5114,US-19/Roswell Rd btwn Habersham Rd & Windsor Pkwy,Atlanta,Fulton,33.865312,-84.380854,GDOT_CCS,N,20117.0
000001215225,121-5225,SR42/Moreland Ave btwn SR 42SP & Custer Ave (Paved 06/23/23),Atlanta,Fulton,33.706893,-84.349525,GDOT_CCS,N,24587.0
000001215374,121-5374,Cascade Rd bn New Hope Rd & Danforth Rd,Atlanta,Fulton,33.72803,-84.51968,GDOT_CCS,E,20117.0
000001215419,121-5419,SR166 E of Lee/Main St East Point,East Point,Fulton,33.697588,-84.42277,GDOT_CCS,E,24587.0
000001215449,121-5449,GA-400 N of Northland Dr (camera),,Fulton,33.896171,-84.363005,GDOT_CCS,N,
000001215450,121-5450,"SR400 S of I-285, ATL (RETIRED)",Atlanta,Fulton,33.904814,-84.358303,GDOT_CCS,E,
000001215452,121-5452,SR400 S of Abernathy Rd,Atlanta,Fulton,33.92853,-84.35771,GDOT_CCS,N,22352.0
000001215463,121-5463,I-75 S of I-85 Split & Cleveland Ave ,Atlanta,Fulton,33.67629,-84.39758,GDOT_CCS,N,29058.0
000001215468,121-5468,"I-75/I-85 S Of Univ Ave, ATL (camera)",Atlanta,Fulton,33.708828,-84.402372,GDOT_CCS,N,29058.0
000001215474,121-5474,I-75 @ Grady Hospital(SB-VOL),Atlanta,Fulton,33.75852,-84.37856,GDOT_CCS,N,24587.0
000001215486,121-5486,"I-75 @Northside Dr, ATL",Atlanta,Fulton,33.80262,-84.4065,GDOT_CCS,N,24587.0
000001215498,121-5498,I-20 W of SR280,Atlanta,Fulton,33.758883,-84.477026,GDOT_CCS,E,29058.0
000001215505,121-5505,I-20 btwn McDaniel St. & Windsor St,Atlanta,Fulton,33.742883,-84.403011,GDOT_CCS,E,24587.0
000001215508,121-5508,I-20 E of I-75/85 @Hill St ATL (camera-CL-OFF-VOL ONLY),Atlanta,Fulton,33.74326,-84.37868,GDOT_CCS,E,24587.0
000001215524,121-5524,"I-85 @ Cofield Dr, ATL  ",Atlanta,Fulton,33.67238,-84.41434,GDOT_CCS,N,24587.0
000001215534,121-5534,I-285 N of I-85 @ S of Washington Rd (camera),Atlanta,Fulton,33.63382,-84.49033,GDOT_CCS,N,29058.0
000001215542,121-5542,"I-285 bn I-20 & Hollowell Rd, ATL",Atlanta,Fulton,33.77467,-84.49605,GDOT_CCS,N,
000001215546,121-5546,I-285 west of Northside Dr (RW - Vol),Atlanta,Fulton,33.904,-84.43628,GDOT_CCS,E,29058.0
000001215551,121-5551,I-285 btwn Roswell Rd & Glenridge Connector,Atlanta,Fulton,33.91053,-84.36841,GDOT_CCS,E,29058.0
000001215555,121-5555,"I-285 E of SR54 @Forest Park Rd, ATL (RETIRED)",Atlanta,Fulton,33.661481,-84.355423,GDOT_CCS,E,29058.0
000001215633,121-5633,"US19/SR9/14th St btwn N'side Dr & W P'tree St, ATL",Atlanta,Fulton,33.786222,-84.40443,GDOT_CCS,E,20117.0
000001215969,121-5969,I-85 N of I-75/85 Split  (SB-VOL),Atlanta,Fulton,33.80723,-84.3798,GDOT_CCS,N,24587.0
000001216370,121-6370,I-75/SR401 S Of I-285 @Chatt. River (camera-CL-OFF- VOL-ONLY),Atlanta,Fulton,33.874242,-84.446258,GDOT_CCS,N,29058.0
000001219013,121-9013,I-75/I-85 NB To University Ave (camera),,Fulton,33.720649,-84.395357,GDOT_CCS,N,
000001219072,121-9072,"SR400 NB CD 1 S of Glenridge Conn, ATL",Atlanta,Fulton,33.89858,-84.36158,GDOT_CCS,N,24587.0
000001219178,121-9178,I-75 S To I-85 N (camera),Atlanta,Fulton,33.79647,-84.39434,GDOT_CCS,S,24587.0
000001219412,121-9412,I-85 NB To I-75/85 NB (Ramp) ,Atlanta,Fulton,33.6866,-84.40082,GDOT_CCS,N,24587.0
000001219420,121-9420,I-85 SB TO I-75 NB (Chevron 32) (Ramp) Paved 8/14/24,Atlanta,Fulton,33.79762,-84.3941,GDOT_CCS,S,20117.0
000001219438,121-9438,I-20 EB TO I-285 NB (Ramp),,Fulton,33.76358,-84.4916,GDOT_CCS,E,13411.0
000001219511,121-9511,I-75/85 SB OFF Ramp to I-85 SB (camera),Atlanta,Fulton,33.686051,-84.402364,GDOT_CCS,S,24587.0
000001219645,121-9645,I-75 S From Northside Dr To I-75/85 S (CHVRN #13) (camera),Atlanta,Fulton,33.796847,-84.395216,GDOT_CCS,S,24587.0
000001219804,121-9804,I-285 N/S TO I-20 WB (Ramp),Atlanta,Fulton,33.76642,-84.4984,GDOT_CCS,W,20117.0
000001219912,121-9912,I-75 SB to I-85 NB trailing (Ramp),Atlanta,Fulton,33.79504,-84.392,GDOT_CCS,S,20117.0
000001219999,121-9999,I-85 TO SR 400 (Ramps),Atlanta,Fulton,33.82325,-84.35915,GDOT_CCS,N,29058.0
000001230121,123-0121,S Main St N of US76/SR282 Ellijay Gilmer Co.,Ellijay,Gilmer,34.68853,-84.490484,GDOT_CCS,N,15646.0
000001270105,127-0105,SR520 W of I-95 Glynn Co.,Brunswick,Glynn,31.1407,-81.58226,GDOT_CCS,E,17882.0
000001270107,127-0107,US-17/SR520/Jekyll Is Causeway E of I-95,Brunswick,Glynn,31.13219,-81.56179,GDOT_CCS,E,24587.0
000001270236,127-0236,US-25/US-341/SR27 W of I-95 Glynn Co.,Brunswick,Glynn,31.24369,-81.54483,GDOT_CCS,N,20117.0
000001270289,127-0289,"CR1334/Frederica Rd N of S Harrington Rd, St Simons Is",Brunswick,Glynn,31.20843,-81.37583,GDOT_CCS,N,15646.0
000001270312,127-0312,I-95 S of Golden Isle Pkwy Glynn Co.(CL/WIM OFF VOL ONLY)	,,Glynn,31.23441,-81.50944,GDOT_CCS,N,31293.0
000001270456,127-0456,US-25/SR25 Conn E of US341 Glynn Co.,Brunswick,Glynn,31.15027,-81.49061,GDOT_CCS,E,13411.0
000001350229,135-0229,"SR141/Peachtree Pkwy S of Spalding Dr, Norcross",Norcross,Gwinnett,33.9679,-84.2222,GDOT_CCS,N,
000001350241,135-0241,SR316 W of Sugarloaf Pkwy ,Lawrenceville,Gwinnett,33.961761,-84.072755,GDOT_CCS,E,29058.0
000001350245,135-0245,"SR316 N of SR120, Lawrenceville",Lawrenceville,Gwinnett,33.96936,-84.01282,GDOT_CCS,E,24587.0
000001350267,135-0267,I-985/SR419 N of I-85/I-985 split,Buford,Gwinnett,34.06646,-84.01054,GDOT_CCS,N,31293.0
000001350298,135-0298,I-85/SR403 bn Boggs Rd & SR120 (LB - VOL) - Paved 7/26/24,Lawrenceville,Gwinnett,33.971381,-84.092261,GDOT_CCS,N,31293.0
000001350305,135-0305,"I-85 S of I-85/I-985 Split, Suwanee",Suwanee,Gwinnett,34.037,-84.03914,GDOT_CCS,N,
000001350307,135-0307,"I-85 N of I-85/I-985 split, Lawrenceville",Lawrenceville,Gwinnett,34.04748,-84.02477,GDOT_CCS,N,
000001350563,135-0563,"Lenora Ch Rd N of Marigold Rd, Snellville",Snellville,Gwinnett,33.84142,-84.01158,GDOT_CCS,N,20117.0
000001356285,135-6285,"I-85 N of Pleasantdale Rd, ATL(SB-VOL)",Atlanta,Gwinnett,33.90865,-84.2286,GDOT_CCS,N,29058.0
000001356287,135-6287,I-85 btwn SR 141 & Indian Trail (A side box hit 3-19-23),Norcross,Gwinnett,33.922474,-84.188099,GDOT_CCS,N,31293.0
000001359200,135-9200,I-85 NB HOV to SR 316 EB - Ramp(RW-PAVED),,Gwinnett,33.96423,-84.09559,GDOT_CCS,N,24587.0
000001359427,135-9427,I-85 NB to SR316 EB - Ramp(RW-PAVED),,Gwinnett,33.96417,-84.09561,GDOT_CCS,N,24587.0
000001359528,135-9528,SR 316 WB TO I-85 SB - Ramp (Paved),,Gwinnett,33.96473,-84.0982,GDOT_CCS,W,31293.0
000001370152,137-0152,Old Hwy 441 E of SR385 Habersham Co.,Clarkesville,Habersham,34.66717,-83.43325,GDOT_CCS,N,20117.0
000001390183,139-0183,Atlanta Hwy S of Mtn View Dr Hall Co.,Gainesville,Hall,34.25648,-83.84635,GDOT_CCS,N,20117.0
000001390418,139-0418,I-985/SR419 S of SR369 Hall Co.,Gainesville,Hall,34.31154,-83.78785,GDOT_CCS,N,31293.0
000001390514,139-0514,"Elrod Rd N of SR136/Price Rd, Gainesville",Gainesville,Hall,34.38446,-83.9042,GDOT_CCS,N,20117.0
000001390532,139-0532,"White Sulphur Rd N of SR369, Gainesville (RETIRED)",Gainesville,Hall,34.320401,-83.793609,GDOT_CCS,E,
000001390587,139-0587,Industrial Blvd N of ATL Hwy,Gainesville,Hall,34.276867,-83.834371,GDOT_CCS,N,20117.0
000001430126,143-0126,I-20 Ala State line & SR100 (2/4L KLK),Tallapoosa,Haralson,33.680461,-85.301815,GDOT_CCS,E,31293.0
000001450234,145-0234,I-85/SR403 S of SR18 Harris Co. (CL/WIM OFF VOLONLY),West Point,Harris,32.866338,-85.16597,GDOT_CCS,N,31293.0
000001470287,147-0287,I-85 @ GA-SC Border(4/4L-KLK),Lavonia,Hart,34.47626,-83.05021,GDOT_CCS,N,31293.0
000001510404,151-0404,"I-75 btwn GA155 and SR20, Henry Co (SB-VOL)",McDonough,Henry,33.42027,-84.17237,GDOT_CCS,N,31293.0
000001510412,151-0412,I-75 S of I-675 @Walt Stephens Rd ,Stockbridge,Henry,33.51414,-84.24069,GDOT_CCS,N,31293.0
000001510446,151-0446,I-675 N of  I-75 @Clayton Co Line (Sensors Bad),Stockbridge,Henry,33.54858,-84.26871,GDOT_CCS,N,31293.0
000001530109,153-0109,SR96 E of Peach Blossom Rd,Bonaire,Houston,32.554343,-83.647596,GDOT_CCS,E,20117.0
000001530143,153-0143,Watson Blvd E of US-41/SR11 (Shoulder Work 7/15/24),Warner Robins,Houston,32.615112,-83.701106,GDOT_CCS,E,20117.0
000001530189,153-0189,US-129 N of Bargain Rd,Warner Robins,Houston,32.648366,-83.608887,GDOT_CCS,N,24587.0
000001530198,153-0198,I-75 N of SR26 Houston Co.,Perry,Houston,32.382908,-83.767931,GDOT_CCS,N,31293.0
000001530332,153-0332,N Houston Rd N of Watson Blvd,Warner Robins,Houston,32.624458,-83.641525,GDOT_CCS,N,20117.0
000001530361,153-0361,"Green St W of US129/SR247, Warner Robins (RETIRED)",Warner Robins,Houston,32.6291,-83.6081,GDOT_CCS,E,
000001530365,153-0365,CS 002415/Tabor Dr W of US129/SR247 @Francis St (RETIRED),Warner Robins,Houston,32.63853,-83.61513,GDOT_CCS,E,20117.0
000001570232,157-0232,"CR432/New Kings Br Rd E of US-129/SR15AL, Athens (RETIRED)",Athens,Jackson,34.0671,-83.4797,GDOT_CCS,E,
000001570300,157-0300,"I-85 N of SR211, Braselton",Braselton,Jackson,34.112411,-83.776823,GDOT_CCS,N,31293.0
000001610189,161-0189,US-23/SR19 W of Hazelhurst (2/4L-PLP)(Log route),Hazelhurst,Jeff Davis,31.88798,-82.604,GDOT_CCS,N,24587.0
000001650107,165-0107,"SR17 W of US-25/SR121 @Warren St, Millen, Jenkins Co",Millen,Jenkins,32.80375,-81.95299,GDOT_CCS,E,20117.0
000001710127,171-0127,"US-41/SR7 N of SR36 nr Liz Acres Rd, Barnesvle (RETIRED)",Barnesville,Lamar,33.0826,-84.171603,GDOT_CCS,N,
000001750038,175-0038,"US-80/GA19 W of Mathis Rd, Dudley",Dudley,Laurens,32.541395,-83.063906,GDOT_CCS,E,24587.0
000001750216,175-0216,"SR338 N of SR117 @Hampton Ln, Cadwell, ",Cadwell,Laurens,32.38605,-83.04571,GDOT_CCS,E,24587.0
000001750247,175-0247,I-16 E of SR338 (2/4L-KLK),Dublin,Laurens,32.51342,-83.0697,GDOT_CCS,E,31293.0
000001750254,175-0254,I-16 btwn SR19 & SR199 Laurens Co.,Dublin,Laurens,32.484883,-82.913445,GDOT_CCS,E,31293.0
000001750256,175-0256,I-16 @ Minten Tweed Rd Overpass MP 62.5,East Dublin,Laurens,32.45396,-82.75618,GDOT_CCS,E,31293.0
000001750269,175-0269,"CR525/Baker Church Rd W of US-319/441, Rentz",Rentz,Laurens,32.32296,-82.92376,GDOT_CCS,E,20117.0
000001770005,177-0005,"SR 3/Walnut Ave S of SR32/Main St, Leesburg",Leesburg,Lee,31.725718,-84.172169,GDOT_CCS,N,20117.0
000001770041,177-0041,US-82/SR520 btwn Terrell Co line & Cookville Rd CR228,Leesburg,Lee,31.67528,-84.29386,GDOT_CCS,E,29058.0
000001790018,179-0018,"US17/SR25 S of GA-196, Fleming, Liberty Co",Fleming,Liberty,31.85426,-81.40348,GDOT_CCS,N,24587.0
000001790072,179-0072,"US-84/SR-38 W of I-95, Midway, Liberty Co MP 20.7",Midway,Liberty,31.78358,-81.38738,GDOT_CCS,E,24587.0
000001850197,185-0197,"Oak St Ext/CR188 W of SR125 @Greyfield Pl, Valdsta (RETIRED)",Valdosta,Lowndes,30.89,-83.2759,GDOT_CCS,E,
000001850227,185-0227,I-75 @ FLA SL Lowndes Co (2/6L-KLK) (Paved),Lake Park,Lowndes,30.62671,-83.17308,GDOT_CCS,N,31293.0
000001850235,185-0235,I-75 Btwn US-84/US-221 & GA133 (Camera),Valdosta,Lowndes,30.83023,-83.32334,GDOT_CCS,N,31293.0
000001850395,185-0395,"N Oak St S of Eager Rd, Valdosta (RETIRED)",Valdosta,Lowndes,30.860947,-83.292449,GDOT_CCS,N,
000001857227,185-w227,"I-75 @FLA SL, WIM, Lowndes Co (RETIRED)",Lake Park,Lowndes,30.631245,-83.178004,GDOT_CCS,N,31293.0
000001870009,187-0009,"SR9,52 E of Bellamy PL.  Lumpkin Co.",Dahlonega,Lumpkin,34.52766,-83.993613,GDOT_CCS,E,20117.0
000001870067,187-0067,"US19/SR400 S of SR-60, (Sensor-Bad-Vol-8-10-23)",Dahlonega,Lumpkin,34.46553,-83.96928,GDOT_CCS,N,24587.0
000001910129,191-0129,SR-251 W of I-95 Macintosh Co.,Darien,McIntosh,31.401146,-81.453199,GDOT_CCS,N,20117.0
000001910174,191-0174,SR-57 W of I-95,Townsend,McIntosh,31.5366,-81.45418,GDOT_CCS,N,20117.0
000001910187,191-0187,I-95 N @Youngs Island Rd McIntosh Co.,Townsend,McIntosh,31.581464,-81.430849,GDOT_CCS,N,31293.0
000001930132,193-0132,"SR49 S of SR26, Oglethorpe (RETIRED)",Oglethorpe,Macon,32.253402,-84.085791,GDOT_CCS,N,
000001990312,199-0312,"I-85 N of E Main St, Meriwether County (4/4L-QLQ)",Hogansville,Meriwether,33.19094,-84.85015,GDOT_CCS,N,31293.0
000002050243,205-0243,US-19/SR3:S of SR93 Pelham,Pelham,Mitchell,31.11826,-84.1375,GDOT_CCS,N,24587.0
000002070222,207-0222,I-75 S of I-475,Macon,Monroe,32.940198,-83.764525,GDOT_CCS,N,
000002079408,207-9408,I-475 NB TO I-75 NB (Ramp),Macon,Monroe,32.95162,-83.8123,GDOT_CCS,N,24587.0
000002079507,207-9507,I-75 SB TO I-475 SB (Ramp),,Monroe,32.95648,-83.81268,GDOT_CCS,S,24587.0
000002090123,209-0123,SR30 btwn SR15 & SR56 Toombs Co,Ailey,Montgomery,32.20117,-82.4925,GDOT_CCS,E,20117.0
000002110203,211-0203,"I-20 E of Eatonton Rd/US129,441/SR24, Madison(RW-WB-PAVED)",Madison,Morgan,33.55561,-83.45776,GDOT_CCS,E,31293.0
000002130112,213-0112,SR225: N of US76/SR52 Murray Co,Chatsworth,Murray,34.80522,-84.82133,GDOT_CCS,N,24587.0
000002130212,213-0212,US411/SR2 N of SR286 Murray County,Crandall,Murray,34.91117,-84.74578,GDOT_CCS,N,24587.0
000002150165,215-0165,US-27AL btwn Warms Sprgs Conn & Reese Rd,Columbus,Muscogee,32.51455,-84.922803,GDOT_CCS,N,29058.0
000002150325,215-0325,I-185 N of Victory Dr Muscogee Co.,Columbus,Muscogee,32.42064,-84.927859,GDOT_CCS,N,29058.0
000002150336,215-0336,I-185 (SR 411) bn Airport Thruway & SR22 (Paved 05-08-24),Columbus,Muscogee,32.52907,-84.959427,GDOT_CCS,N,29058.0
000002170218,217-0218,"I-20 W OF SR 11, Newton Co.(2/4L-KLK)",Covington,Newton,33.611566,-83.76155,GDOT_CCS,E,31293.0
000002190203,219-0203,Union Ch Rd S of SR53 Oconee Co.,Watkinsville,Oconee,33.85285,-83.45137,GDOT_CCS,N,22352.0
000002250112,225-0112,I-75 bn SR49 & Sardis Ch Rd (Milled 7-18-23),Byron,Peach,32.66794,-83.744387,GDOT_CCS,N,31293.0
000002270165,227-0165,"SR136 W of SR5/515 Bridge & Ellijay Rd, Talking Rock",Talking Rock,Pickens,34.52062,-84.52905,GDOT_CCS,E,24587.0
000002270166,227-0166,"SR136 E OF SR5/515 Bridge, Talking Rock",Talking Rock,Pickens,34.5139,-84.51775,GDOT_CCS,E,24587.0
000002270237,227-0237,"SR 5/515 N of SR108, Jasper",Jasper,Pickens,34.41012,-84.42517,GDOT_CCS,N,24587.0
000002270249,227-0249,"SR 5/515 N of SR136, Talking Rock",Talking Rock,Pickens,34.53056,-84.51601,GDOT_CCS,N,29058.0
000002290163,229-0163,SR32 btwn SR38 & SR15  Pierce Co.,Patterson,Pierce,31.41384,-82.16505,GDOT_CCS,E,24587.0
000002290184,229-0184,Country Farm Rd S of Old Bristol Rd/CR 56,Blackshear,Pierce,31.37512,-82.21755,GDOT_CCS,N,20117.0
000002350138,235-0138,US-129/SR26 S of SR257 Pulaski Co.(2L-PLP),,Pulaski,32.29008,-83.44045,GDOT_CCS,N,20117.0
000002370123,237-0123,"129BU,441BU/SR44,24BU/S Oak St N of US129,441, Eatonton (RETIRED)",Eatonton,Putnam,33.3049,-83.3859,GDOT_CCS,E,
000002450214,245-0214,I-20 btwn Wheeler Rd & I-520 (WIM OFF CL/VOL ONLY),Augusta,Richmond,33.490691,-82.09494,GDOT_CCS,E,24587.0
000002450218,245-0218,"I-20 E of I-520, Augusta",Augusta,Richmond,33.527518,-82.019117,GDOT_CCS,E,29058.0
000002450223,245-0223,"I-520 S of Wheeler Rd, Augusta ",Augusta,Richmond,33.474801,-82.086457,GDOT_CCS,E,24587.0
000002450227,245-0227,"I-520 bn US-78/SR 10 & SR 4, Augusta",Augusta,Richmond,33.43621,-82.071,GDOT_CCS,E,24587.0
000002450233,245-0233,"I-520 bn SR 56SP/Laney Walker Blvd, Augusta",Augusta,Richmond,33.44253,-81.939221,GDOT_CCS,E,24587.0
000002450303,245-0303,Phinizy Rd W of SR56,Augusta,Richmond,33.38507,-82.00926,GDOT_CCS,E,20117.0
000002450947,245-0947,"Dixon Airline Rd E of SR56, Augusta",Augusta,Richmond,33.38447,-81.99367,GDOT_CCS,E,20117.0
000002550373,255-0373,"SR16 W of I-75 nr S McDonough Rd, Griffin",Griffin,Spalding,33.23691,-84.18439,GDOT_CCS,E,29058.0
000002630087,263-0087,"Chalybeate Sprgs Rd N of SR36, Manchester (RETIRED)",Manchester,Talbot,32.807794,-84.501903,GDOT_CCS,E,
000002650163,265-0163,I-20 E of SR22 Taliaferro Co.,Crawfordville,Taliaferro,33.52664,-82.88956,GDOT_CCS,E,31293.0
000002690123,269-0123,US-80/SR22 E of County Line Rd Taylor Co.,Butler,Taylor,32.720917,-84.319969,GDOT_CCS,E,24587.0
000002690223,269-0223,"Crowell Rd W of SR128, Reynolds (RETIRED)",Reynolds,Taylor,32.609418,-84.118959,GDOT_CCS,N,
000002750074,275-0074,US-319 N of SR 35CO,Thomasville,Thomas,30.884811,-83.93165,GDOT_CCS,N,24587.0
000002750123,275-0123,US-84/SR38 W of Hallman Rd Thomas Co.,Boston,Thomas,30.79992,-83.75857,GDOT_CCS,E,29058.0
000002750265,275-0265,"SR3/SR300 W of SR202, Thomas Co.",Thomasville,Thomas,30.925095,-83.992286,GDOT_CCS,N,24587.0
000002770149,277-0149,US-319/SR35 N of Powell Dr  Tift Co.,Omega,Tift,31.34286,-83.59119,GDOT_CCS,N,15646.0
000002770256,277-0256,I-75 btwn Willis Still Rd & Turner Co line,Chula,Tift,31.58856,-83.55668,GDOT_CCS,N,31293.0
000002810161,281-0161,"SR288 W of US76/SR2 nr Beech Cove Rd, Hiawssee",Hiawssee,Towns,34.934418,-83.750191,GDOT_CCS,N,20117.0
000002830201,283-0201,I-16 1.1 mi E of SR15 Truelton Co.(CL/WIM OFF VOL ONLY),Soperton,Treutlen,32.43265,-82.58998,GDOT_CCS,E,31293.0
000002850227,285-0227,I-85 bn Kia Blvd & LaGrange Exit,West Point,Troup,32.968426,-85.073632,GDOT_CCS,N,31293.0
000002850234,285-0234,"I-85 bn SR109 & Hamilton Rd, LaGrange/Greenville",LaGrange,Troup,33.01966,-84.9869,GDOT_CCS,N,31293.0
000002850243,285-0243,I-185 N of SR18 Troup Co. (2-KLK) (2L-LPL),Pine Mountain,Troup,32.87802,-84.96227,GDOT_CCS,N,31293.0
000002850248,285-0248,"I-185 S of  I-85 @SR109/Greenville Rd, ",LaGrange,Troup,33.04224,-84.94972,GDOT_CCS,N,31293.0
000002850372,285-0372,"E Depot St W of Union St, LaGrange (RETIRED)",LaGrange,Troup,33.0354,-85.0257,GDOT_CCS,E,
000002910138,291-0138,"SR11 N of Pat Haralson Dr, Blairsvle (RETIRED)",Blairsville,Union,34.887192,-83.987712,GDOT_CCS,N,
000002930259,293-0259,"Poplar Dr W of N Church St, Thomaston (RETIRED)",Thomaston,Upson,32.896356,-84.329395,GDOT_CCS,E,
000002950035,295-0035,"US-27/SR1 N of Lafayette Rd, Walker Co.(RW-PAVED)",Ft Oglethorpe,Walker,34.945107,-85.276624,GDOT_CCS,N,24587.0
000002950036,295-0036,US-27/SR1 bn SR146 & TN SL N of Bentley Dr (RETIRED),Rossville,Walker,34.969714,-85.266729,GDOT_CCS,N,20117.0
000002970018,297-0018,US-78/SR10 west of Rowe Rd-Walton Co.,Monroe,Walton,33.80618,-83.77962,GDOT_CCS,E,24587.0
000002990007,299-0007,US-1/SR4 S of US-82/SR520 Ware Co.,Waycross,Ware,31.185686,-82.312845,GDOT_CCS,N,24587.0
000002990309,299-0309,"E Waring Rd W of Darling St, Waycross (RETIRED)",Wayccross,Ware,31.241061,-82.352211,GDOT_CCS,E,
000003010196,301-0196,I-20 E of US278/SR12/ATL Hwy @Williams Cr Ch Rd,Norwood,Warren,33.5044,-82.74717,GDOT_CCS,E,31293.0
000003130101,313-0101,I-75 btwn Gordon Co Line & Carbondale Rd(SB-VOL),Dalton,Whitfield,34.62805,-84.9726,GDOT_CCS,N,31293.0
000003190167,319-0167,"SR57 E of SR112/Main St, Toomsboro",Toomsboro,Wilkinson,32.814,-83.0672,GDOT_CCS,N,
