link_id,name,borough
1004,42nd Street - Eastbound - Lexington Ave to 3rd Ave,Manhattan
1011,42nd Street - Westbound - Lexington Ave to Madison Ave,Manhattan
2001,Lexington Avenue - Southbound - 49th St to 42nd St,Manhattan
2012,49th Street - Westbound - Lexington Ave to Madison Ave,Manhattan
3002,Lexington Avenue - Southbound - 57th St to 49th St,Manhattan
3006,57th Street - Eastbound - Lexington Ave to 3rd Ave,Manhattan
3013,57th Street - Westbound - Lexington Ave to Madison Ave,Manhattan
4001,42nd Street - Westbound - 3rd Ave to Lexington Ave,Manhattan
4005,3rd Avenue - Northbound - 42nd St to 49th St,Manhattan
4042,42nd Street - Eastbound - 3rd Ave to 2nd Ave,Manhattan
5002,49th Street - Westbound - 3rd Ave to Lexington Ave,Manhattan
5006,3rd Avenue - Northbound - 49th St to 57th St,Manhattan
6003,57th Street - Westbound - 3rd Ave to Lexington Ave,Manhattan
6055,57th Street - Eastbound - 3rd Ave to 2nd Ave,Manhattan
8011,Madison Avenue - Northbound - 34th St to 42nd St,Manhattan
8020,34th Street - Eastbound - Madison Ave to 3rd Ave,Manhattan
8118,34th Street - Westbound - Madison Ave to 5th Ave,Manhattan
11001,42nd Street - Eastbound - Madison Ave to Lexington Ave,Manhattan
11012,Madison Avenue - Northbound - 42nd St to 49th St,Manhattan
11014,42nd Street - Westbound - Madison Ave to 5th Ave,Manhattan
12013,Madison Avenue - Northbound - 49th St to 57th St,Manhattan
12015,49th Street - Westbound - Madison Ave to 5th Ave,Manhattan
13003,57th Street - Eastbound - Madison Ave to Lexington Ave,Manhattan
13016,57th Street - Eastbound - 5th Ave to Madison Ave,Manhattan
14011,42nd Street - Eastbound - 5th Ave to Madison Ave,Manhattan
14017,42nd Street - Westbound - 5th Ave to 6th Ave,Manhattan
14118,5th Avenue - Southbound - 42nd St to 34th St,Manhattan
15014,5th Avenue - Southbound - 49th St to 42th St,Manhattan
15018,49th Street - Westbound - 5th Ave to 6th Ave,Manhattan
16013,57th Street - Westbound - Madison Ave to 5th Ave,Manhattan
16015,5th Avenue - Southbound - 57th St to 49th St,Manhattan
16019,57th Street - Westbound - 5th Ave to 6th Ave,Manhattan
17014,42nd Street - Eastbound - 6th Ave to 5th Ave,Manhattan
17018,6th Avenue - Northbound - 42nd St to 49th St,Manhattan
17059,42nd Street - Westbound - 6th Ave to 7th Ave,Manhattan
18019,6th Avenue - Northbound - 49th St to 57th St,Manhattan
18037,49th Street - Westbound - 6th Ave to 7th Ave,Manhattan
19016,57th Street - Eastbound - 6th Ave to 5th Ave,Manhattan
19056,57th Street - Westbound - 6th Ave to 7th Ave,Manhattan
20004,3rd Avenue - Northbound - 34th St to 42nd St,Manhattan
20008,34th Street - Westbound - 3rd Ave to Madison Ave,Manhattan
20103,34th Street - Eastbound - 3rd Ave to 2nd Ave,Manhattan
21003,Lexington Avenue - Southbound - 72nd St to 57th St,Manhattan
21022,72nd Street - Westbound - Lexington Ave to 5th Ave,Manhattan
21193,72nd Street - Eastbound - Lexington Ave to 2nd Ave,Manhattan
22016,5th Avenue - Southbound - 72nd St to 57th St,Manhattan
22021,72nd Street - Eastbound - 5th Ave to Lexington Ave,Manhattan
23017,6th Avenue - Northbound - 34th St to 42nd St,Manhattan
23060,34th Street - Westbound - 6th Ave to 7th Ave,Manhattan
23118,34th Street - Eastbound - 6th Ave to 5th Ave,Manhattan
24026,Belt Pkwy - Westbound - Cross Bay Blvd to Pennsylvania Ave,Brooklyn
25035,Belt Pkwy - Westbound - Ocean Pkwy to Bay 8th St,Brooklyn
26034,Belt Pkwy - Westbound - Erskine St to Flatbush Ave,Queens
27034,Belt Pkwy - Eastbound - Ocean Pkwy to Flatbush,Brooklyn
28029,Belt Pkwy - Eastbound - Pennsylvania Ave to Cross Bay Blvd,Brooklyn
29150,Belt Pkwy EB @ Cross Bay Blvd - Rockaway Blvd @ Farmers Blvd,Queens
30171,Henry Hudson Pkwy - Northbound - 57th St to 79th St,Manhattan
33024,Belt Pkwy - Westbound - East of JFK to Crossbay Blvd.,Queens
34025,Belt Pkwy - Westbound - Flatbush Ave to Ocean Pkwy,Brooklyn
34028,Belt Pkwy - Eastbound - Flatbush Ave to Erskine St,Brooklyn
35027,Belt Pkwy - Eastbound - Bay 8th St to Ocean Pkwy,Brooklyn
35202,Belt Pkwy - Westbound - Bay 8th St to 68th St,Brooklyn
37038,49th Street - Westbound - 7th Ave to 8th Ave,Manhattan
37059,7th Avenue - Southbound - 49th St to 42nd St,Manhattan
38039,49th Street - Westbound - 8th Ave to 9th Ave,Manhattan
38054,8th Avenue - Northbound - 49th St to 57th St,Manhattan
39049,9th Avenue - Southbound - 49th St to 42nd St,Manhattan
39085,49th Street - Westbound - 9th Ave to 10th Ave,Manhattan
40041,1st Avenue - Northbound - 49th St to 57th St,Manhattan
40046,49th Street - Westbound - 1st Ave to 2nd Ave,Manhattan
41203,57th St - westbound - 1 Ave to QBB UL Entrance,Manhattan
42004,42nd Street - Westbound - 2nd Ave to 3rd Ave,Manhattan
42048,42nd Street - Eastbound - 2nd Ave to 1st Ave,Manhattan
42103,2nd Avenue -  Southbound - 42nd St to 34th St,Manhattan
43051,72nd Street - Westbound - Columbus Ave (9th Ave) to Broadway,Manhattan
43058,9th Avenue - Southbound - 72nd St to 57th St,Manhattan
44020,3rd Avenue - Northbound - 23rd St to 34th St,Manhattan
44105,23rd Street - Eastbound - 3rd Ave to 2nd Ave,Manhattan
44204,23rd Street- westbound - 3 ave to madison ave,Manhattan
45102,1st Avenue - Northbound - 23rd St to 34th St,Manhattan
45105,23rd Street - Westbound - 1st Ave to 2nd Ave,Manhattan
46005,49th Street - Westbound - 2nd Ave to 3rd Ave,Manhattan
46042,2nd Avenue - Southbound - 49th St to 42nd St,Manhattan
47023,6th Avenue - Northbound - 23rd St to 34th ST,Manhattan
47106,23rd Street - Westbound - 6th Ave to 7th Ave,Manhattan
47204,23rd Street - eastbound - 6 ave to madison ave,Manhattan
48040,1st Avenue - Northbound - 42nd St to 49th St,Manhattan
48042,42nd Street - Westbound - 1st Ave to 2nd Ave,Manhattan
49053,42nd Street - Eastbound - 9th Ave to 8th Ave,Manhattan
49109,42nd Street - Westbound - 9th Ave to 10th Ave,Manhattan
49119,9th Avenue - Southbound - 42nd St to 37th St,Manhattan
50057,8th Avenue - Northbound - 23rd St to 34th St,Manhattan
50082,23rd Street - Westbound - 8th Ave to 9th Ave,Manhattan
50106,23rd Street - Eastbound - 8th Ave to 7th Ave,Manhattan
51043,72nd Street - Eastbound - Broadway to Columbus Ave (9th Ave),Manhattan
51052,Broadway - Southbound - 72nd St to 57th St,Manhattan
52054,57th Street - Westbound - Broadway to 8th Ave,Manhattan
52056,57th Street - Eastbound - Broadway to 7th Ave,Manhattan
53038,8th Avenue - Northbound - 42nd St to 49th St,Manhattan
53049,42nd Street - Westbound - 8th Ave to 9th Ave,Manhattan
53059,42nd Street - Eastbound - 8th Ave to 7th Ave,Manhattan
54052,57th Street - Eastbound - 8th Ave to Broadway,Manhattan
54058,57th Street - Westbound - 8th Ave to 9th Ave,Manhattan
55006,57th Street - Westbound - 2nd Ave to 3rd Ave,Manhattan
55046,2nd Avenue  - Southbound - 57th St to 49th St,Manhattan
55203,57th St - eastbound - 2 Ave to QBB UL Entrance,Manhattan
56019,57th Street - Eastbound - 7th Ave to 6th Ave,Manhattan
56037,7th Avenue - Southbound - 57th St to 49th St,Manhattan
56052,57th Street - Westbound - 7th Ave to Broadway,Manhattan
57053,8th Avenue - Northbound - 34th St to 42nd St,Manhattan
57060,34th Street - Eastbound - 8th Ave to 7th Ave,Manhattan
57061,34th Street - Westbound - 8th Ave to 9th Ave,Manhattan
58039,9th Avenue - Southbound - 57th St to 49th St,Manhattan
58054,57th Street - Eastbound - 9th Ave to 8th Ave,Manhattan
58077,57th Street - Westbound - 9th Ave (Columbus Ave) to 10th Ave (Amsterdam Ave),Manhattan
59017,42nd Street - Eastbound - 7th Ave to 6th Ave,Manhattan
59053,42nd Street - Westbound - 7th Ave to 8th Ave,Manhattan
59060,7th Avenue - Southbound - 42nd St to 34th St,Manhattan
60023,34th Street - Eastbound - 7th Ave to 6th Ave,Manhattan
60057,34th Street - Westbound - 7th Ave to 8th Ave,Manhattan
60106,7th Avenue - Southbound - 34th St to 23rd St,Manhattan
61057,34th Street - Eastbound - 9th Ave to 8th Ave,Manhattan
61078,34th Street - Westbound - 9th Ave to 10th Ave,Manhattan
61082,9th Avenue - Southbound - 34th St to 23rd St,Manhattan
62074,Hylan Blvd - Northbound - New Dorp Ln to Midland Ave,Staten Island
62126,Hylan Blvd - Southbound - New Dorp Ln to Guyon Ave,Staten Island
63064,Father Capodanno Blvd @ Seaview Ave to Lily Pond Ave Verrazano-Narrows Br Entrance - NB,Staten Island
63074,Father Capodanno Blvd @ Seaview Ave to Hyland Blvd @ Midland Ave via Midland Ave,Staten Island
65063,Lily Pond Ave @ Verrazano-Narrows Br Exit - Father Capodanno Blvd @ Seaview Ave - SB,Staten Island
66067,Hylan Blvd - Northbound -  Seaview Ave to Narrows Rd South Via Steuben St,Staten Island
66074,Hylan Blvd - Southbound - Seaview Ave to Midland Ave,Staten Island
66128,Hylan Blvd - Northbound - Seaview Ave to Fingerboard Rd West,Staten Island
67068,Narrows Rd South - Eastbound - Hylan Blvd to Fingerboard Rd,Staten Island
70071,Flatbush Ave - Southbound - Willoughby St to Atlantic Ave,Brooklyn
70073,Flatbush Ave - Northbound - Willoughby St to Tillary St,Brooklyn
71070,Flatbush Ave - Northbound - Atlantic Ave to Willoughvy St,Brooklyn
71117,Atlantic Avenue - Westbound - Flatbush Ave to Boerum Pl,Brooklyn
71201,Atlantic Avenue - Eastbound - Flatbush Ave to Carlton Ave,Brooklyn
72117,Atlantic Avenue - Eastbound - BQE Exit to Boerum Pl,Brooklyn
73070,Flatbush Ave - Southbound - Tillary St to Willoughby St,Brooklyn
74062,Hylan Blvd - Southbound - Midland Ave to New Dorp Ln,Staten Island
74063,Hylan Blvd @ Midland Ave to Father Capodanno Blvd @ Seaview Ave via Midland Ave,Staten Island
74066,Hylan Blvd - Northbound - Midland Ave to Seaview Ave,Staten Island
75079,10th Avenue - Northbound - 14th St to 23rd St,Manhattan
75107,14th Street – eastbound – 11 Ave/Rt 9A to 7th Ave,Manhattan
76045,1st Avenue - Northbound - 14th St to 23rd St,Manhattan
76083,14th Street – westbound – 1st Avenue to Union Sqr. East / Broadway,Manhattan
77058,57th Street - Eastbound - 10th Ave (Amsterdam Ave) to 9th Ave (Columbus Ave),Manhattan
77081,57th Street - Westbound - 10th Ave (Amsterdam Ave) to 11th Ave,Manhattan
78061,34th Street - Eastbound - 10th Ave to 9th Ave,Manhattan
78108,34th Street - Westbound - 10th Ave to 11th Ave,Manhattan
78109,10th Avenue - Northbound - 34th St to 42nd St,Manhattan
79078,10th Avenue - Northbound - 23rd St to 34th St,Manhattan
79082,23rd Street - Eastbound - 10th Ave to 9th Ave,Manhattan
79104,23rd Street - Westbound - 10th Ave to 11th Ave,Manhattan
80108,11th Avenue - Southbound - 42nd St to 34th St,Manhattan
80109,42nd Street - Eastbound - 11th Ave to 10th Ave,Manhattan
81077,57th Street - Eastbound - 11th Ave to 10th Ave (Amsterdam Ave),Manhattan
81116,11th Avenue - Southbound - 57th St to 49th St,Manhattan
82050,23rd Street - Eastbound - 9th Ave to 8th Ave,Manhattan
82079,23rd Street - Westbound - 9th Ave to 10th Ave,Manhattan
82110,9th Avenue - Southbound - 23rd St to 14th St,Manhattan
83076,14th Street – eastbound – Union Sqr. East / Broadway to 1st Avenue,Manhattan
83107,14th Street – westbound – Union Sqr. East / Broadway to 7th Avenue,Manhattan
84066,Hylan Blvd - Southbound - Narrows Rd South (West) to Seaview Ave,Staten Island
85077,10th Avenue - Northbound - 49th St to 57th St,Manhattan
85116,49th Street - Westbound - 10th Ave to 11th Ave,Manhattan
86087,Woodhaven Blvd - Southbound - Jamaica Ave to Rockaway Blvd,Queens
86099,Woodhaven Blvd - Northbound - Jamaica Ave to Myrtle Ave,Queens
87086,Woodhaven Blvd - Northbound - Rockaway Blvd to Jamaica Ave,Queens
87088,Cross Bay Blvd - Southbound - Rockaway Blvd to 156th Ave,Queens
88087,Cross Bay Blvd - Northbound - 156th Ave to Rockaway Blvd,Queens
88089,Cross Bay Blvd - Southbound - 156th Ave to North Channel Br,Queens
89088,Cross Bay Blvd -  Northbound - North Channel Br to 156th Ave,Queens
89090,Cross Bay Blvd - Southbound - North Channel Br to Jamaica Wildlife Preserve,Queens
90089,Cross Bay Blvd - Northbound - Jamaica Wildlife Preserve to North Channel Br,Queens
90091,Cross Bay Blvd - Southbound - Jamaica Wildlife Preserve to W 6 Rd,Queens
91090,Cross Bay Blvd - Northbound - W 6th Rd to Jamaica Wildlife Reserve,Queens
91092,Cross Bay Blvd - Southbound - W 6th Rd to W 20th Rd,Queens
92091,Cross Bay Blvd - Northbound - W 20th Rd to W 6th Rd,Queens
92144,Cross Bay Blvd - Southbound - 20 Rd to Beach Channel Dr @ Beach 116 St,Queens
93094,Ocean Pkwy - Southbound - Kings Hwy to Avenue U,Brooklyn
93113,Ocean Pkwy - Northbound - Kings Hwy to Avenue I,Brooklyn
94093,Ocean Pkwy - Northbound - Avenue U to Kings Hwy,Brooklyn
94098,Ocean Pkwy - Southbound - Avenue U to Avenue X,Brooklyn
95096,Woodhaven Blvd - Southbound - Furmanville Ave to Metropolitan Ave,Queens
95170,Woodhaven Blvd - Northbound - Furmanville Ave to Dry Harbor Rd,Queens
96095,Woodhaven Blvd - Northbound - Metropolitan Ave to Furmanville Ave,Queens
96097,Woodhaven Blvd - Southbound - Metropolitan Ave to Union Turnpike,Queens
97096,Woodhaven Blvd - Northbound - Union Turnpike to Metropolitan Ave,Queens
97099,Woodhaven Blvd - Southbound - Union Turnpike to Myrtle Ave,Queens
98094,Ocean Pkwy - Northbound - Avenue X to Avenue U,Brooklyn
98100,Ocean Pkwy - Southbound - Avenue X to Shore Pkwy,Brooklyn
99086,Woodhaven Blvd - Southbound - Myrtle Ave to Jamaica Ave,Queens
99097,Woodhaven Blvd - Northbound - Myrtle Ave to Union Tpke,Queens
100098,Ocean Pkwy - Northbound - Shore Pkwy to Avenue X,Brooklyn
100115,Ocean Pkwy - Southbound - Shore Pkwy to Sea Breeze Ave,Brooklyn
102103,34th Street - Westbound - 1st Ave to 2nd Ave,Manhattan
103020,34th Street - Westbound - 2nd Ave to 3rd Ave,Manhattan
103102,34th Street - Eastbound - 2nd Ave to 1st Ave,Manhattan
103105,2nd Avenue - Southbound - 34th St to 23rd St,Manhattan
104079,23rd Street - Eastbound - 11th Ave to 10th Ave,Manhattan
105044,23rd Street - Westbound - 2nd Ave to 3rd Ave,Manhattan
105045,23rd Street - Eastbound - 2nd Ave to 1st Ave,Manhattan
106047,23rd Street - Eastbound - 7th Ave to 6th Ave,Manhattan
106050,23rd Street - Westbound - 7th Ave to 8th Ave,Manhattan
106107,7th Avenue - Southbound - 23rd St to 14th St,Manhattan
107075,14th Street – westbound – 7th Ave to 11 Ave/Rt 9A,Manhattan
107083,14th Street – eastbound – 7th Avenue to Union Sqr. East / Broadway,Manhattan
108078,34th Street - Eastbound - 11th Ave to 10th Ave,Manhattan
108104,11th Avenue - Southbound - 34th St to 23rd St,Manhattan
109049,42nd Street - Eastbound - 10th Ave to 9th Ave,Manhattan
109080,42nd Street - Westbound - 10th Ave to 11th Ave,Manhattan
109085,10th Avenue - Northbound - 42nd St to 49th St,Manhattan
111112,Ocean Pkwy - Northbound - Ditmas Ave to Church Ave,Brooklyn
111113,Ocean Pkwy - Southbound - Ditmas Ave to Avenue I,Brooklyn
112111,Ocean Pkwy - Southbound - Church Ave to Ditmas Ave,Brooklyn
113093,Ocean Pkwy - Southbound - Avenue I to Kings Hwy,Brooklyn
113111,Ocean Pkwy - Northbound - Avenue I to Ditmas Ave,Brooklyn
114115,Surf Avenue and Stillwell Ave to Ocean Pkwy and Sea Breeze Ave - Eastbound,Brooklyn
114137,Stillwell Ave - Northbound - Surf Ave to Neptune Ave,Brooklyn
115100,Ocean Pkwy - Northbound - Sea Breeze Ave to Shore Pkwy,Brooklyn
115114,Ocean Pkwy and Sea Breeze Ave to Surf Ave and Stillwell Ave - Westbound,Brooklyn
116080,11th Avenue - Southbound - 49th St to 42nd St,Manhattan
117071,Atlantic Avenue - Eastbound - Boerum Pl to Flatbush Ave,Brooklyn
117072,Atlantic Avenue - Westbound - Boerum Pl to BQE Exit,Brooklyn
118008,34th Street - Eastbound - 5th Ave to Madison Ave,Manhattan
118023,34th Street - Westbound - 5th Ave to 6th Ave,Manhattan
119061,9th Avenue - Southbound - 37th St to 34th St,Manhattan
120135,Flatbush Ave - Northbound - Aviators Sports Complex to Golf Course,Brooklyn
120140,Flatbush Ave - Southbound - Aviators Sports Complex to Beach 140 st,Brooklyn
121127,Hylan Blvd - Southbound - Richmond Ave to Arden Ave,Staten Island
121145,Hylan Blvd - Northbound - Richmond Ave to Keegans Ln,Staten Island
121146,Richmond Ave - Northbound - Hylan Blvd to Amboy Rd,Staten Island
122134,Flatbush Ave - Northbound - Avenue U to Fillmore Ave,Brooklyn
122135,Flatbush Ave - Southbound - Avenue U to Golf Course,Brooklyn
123124,Hylan Blvd - Northbound - Page Ave to Seguine Ave,Staten Island
124123,Hylan Blvd - Southbound - Seguine Ave to Page Ave,Staten Island
124125,Hylan Blvd - Northbound - Seguine Ave to Huguenot Ave,Staten Island
125124,Hylan Blvd - Southbound - Huguenot Ave to Seguine Ave,Staten Island
125127,Hylan Blvd - Northbound - Huguenot Ave to Arden Ave,Staten Island
126062,Hylan Blvd - Northbound - Guyon Ave to New Dorp Ln,Staten Island
126145,Hylan Blvd - Southbound - Guyon Ave to Keegans Ln,Staten Island
127121,Hylan Blvd - Northbound - Arden Ave to Richmond Ave,Staten Island
127125,Hylan Blvd - Southbound - Arden Ave to Huguenot Ave,Staten Island
128068,Hylan Blvd - Northbound - West Fingerboard Rd to Narrows Rd South (via Fingerboard Rd),Staten Island
129130,Richmond Ave - Southbound - Richmond Hill Rd to Forest Hill Rd,Staten Island
129131,Richmond Ave - Northbound - Richmond Hill Rd to Eton Pl,Staten Island
130129,Richmond Ave - Northbound - Forest Hill Rd to Richmond Hill Rd,Staten Island
130139,Richmond Ave - Southbound - Forest Hill Rd to Weinwright Ave,Staten Island
131129,Richmond Ave - Southbound - Eton Pl to Richmond Hill Rd,Staten Island
133134,Flatbush Ave - Southbound - Kings Hwy to Fillmore Ave,Brooklyn
134122,Flatbush Ave - Southbound - Fillmore Ave to Avenue U,Brooklyn
134133,Flatbush Ave - Northbound - Fillmore Ave to Kings Hwy,Brooklyn
135120,Flatbush Ave - Southbound - Golf Course to Aviators Sports Complex,Brooklyn
135122,Flatbush Ave - Northbound - Golf Course to Avenue U,Brooklyn
137114,Stillwell Ave - Southbound - Neptune Ave to Surf Ave,Brooklyn
139130,Richmond Ave - Northbound - Wainwright Ave to Forest Hill Rd,Staten Island
139146,Richmond Ave - Southbound - Wainwright Ave to Amboy Rd,Queens
140120,Beach Channel Dr - Westbound - Beach 140 St to Aviators Sports Complex,Queens
140144,Beach Channel Dr - Eastbound - Beach 140 St to Beach 116 St,Queens
144092,Beach Channel Dr - Eastbound - Beach 116 St to Cross Bay Blvd @ 20 Rd,Queens
144140,Beach Channel Dr - Westbound - Beach 116 St to Beach 140 St,Queens
145121,Hylan Blvd - Southbound - Keegans Ln to Richmond Ave,Staten Island
145126,Hylan Blvd - Northbound - Keegans Ln to Guyon Ave,Staten Island
146121,Richmond Ave - Southbound - Amboy Rd to Hylan Blvd,Staten Island
146139,Richmond Ave - Northbound - Amboy Rd to Wainwright Ave,Staten Island
147150,Rockaway Blvd - Southbound - South Conduit Ave to Farmers Blvd,Queens
148150,Rockaway Blvd - Northbound - Brookville Blvd to Farmers Blvd,Queens
148151,Rockaway Blvd - Southbound - Brookville Blvd to Five-Towns Entrace,Queens
150147,Rockaway Blvd - Northbound - Farmers Blvd to South Conduit Ave,Queens
150148,Rockaway Blvd - Southbound - Farmers Blvd to Brookville Blvd,Queens
151148,Rockaway Blvd - Northbound - Five-Towns Entrance to Brookville Blvd,Queens
154181,Beach Channel Dr - Westbound - Bay 32 st to Beach 69 st,Queens
154182,Beach Channel Dr - Eastbound - Bay 32 st to Mott Ave,Queens
155180,Seagirt Blvd - Westbound - Beach 9th St to Beach 32nd St,Queens
156181,Beach Channel Dr - Eastbound - Beach 90 st to Beach 69 st,Queens
157158,Main St - Northbound - Roosevelt Ave to Northern Blvd,Queens
157159,Main St - Southbound - Roosevelt Ave to Sanford Ave,Queens
157160,Main St @ Roosevelt to Kissena Blvd @ Sanford Ave,Queens
157163,Roosevelt Ave - Eastbound - Main St to Parsons Blvd,Queens
157177,Roosevelt Ave - Westbound - Main St to College Pnt Blvd,Queens
158157,Main St - Southbound - Northern Blvd to Roosevelt Ave,Queens
158165,Northern Blvd - Eastbound - Main St to Union St,Queens
158185,Northern Blvd - Westbound - Main St to Northern Blvd Br,Queens
159157,Main St - Northbound - Sanford Ave to Roosevelt Ave,Queens
159176,Sanford Ave - Westbound - Main St to College Pnt Blvd,Queens
159179,Main St - Southbound - Sanford Ave to Peck Ave,Queens
160157,Kissena Blvd @ Sanford Ave to Main St @ Roosevelt Ave - Northbound,Queens
160159,Sanford Avenue - Westbound - Kissena Blvd to Main St,Queens
160183,Kissena Blvd - Southbound - Sanford Ave to Holly Ave,Queens
161162,Horace Harding Expwy NSR - Westbound - Kissena Blvd to Main St,Queens
161183,Kissena Blvd - Northbound - Horace Harding Expwy NSR to Holly Ave,Queens
162175,Horace Harding Expwy - Westbound - Main St to College Pnt Blvd,Queens
162179,Main St - Northbound - Horace Harding Expwy to Peck Ave,Queens
163157,Roosevelt Ave - Westbound - Parsons Blvd to Main St,Queens
163164,Parsons Blvd - Northbound - Roosevelt Ave to Northern Blvd,Queens
164163,Parsons Blvd - Southbound - Northern Blvd to Roosevel Ave,Queens
164165,Northern Blvd - Westbound - Parsons Blvd to Union St,Queens
165158,Northern Blvd - Westbound - Union St to Main St,Queens
165164,Northern Blvd - Eastbound - Union St to Parsons Blvd,Queens
166167,Jackie Robinson Pkwy - Southbound - Metropolitan Ave to Forest Pk Dr,Queens
166169,Jackie Robinson Pkwy - Northbound- Metropolitan Ave to Queens Blvd,Queens
167166,Jackie Robinson Pkwy - Northbound - Forest Pk Dr to Metropolitan Ave,Queens
167168,Jackie Robinson Pkwy - Southbound - Forest Pk Dr to Jamaica Av,Queens
168167,Jackie Robinson Pkwy - Northbound - Jamaica Ave to Forest Pk Dr,Queens
169166,Jackie Robinson Pkwy - Southbound - Queens Blvd to Metropolitan Ave,Queens
170095,Woodhaven Blvd - Southbound - Dry Harbor Rd to Furmanville Ave,Queens
171031,Henry Hudson Pkwy - Southbound - 79th St to 57th St,Manhattan
171172,Henry Hudson Pkwy - Northbound - 79th St to 99th St,Manhattan
172171,Henry Hudson Pkwy - Southbound - 99th St to 79th St,Manhattan
172173,Henry Hudson Pkwy - Northbound - 99th St to 125th St,Manhattan
173172,Henry Hudson Pkwy - Southbound - 125th St to 99th St,Manhattan
173174,Henry Hudson Pkwy - Northbound - 125th St to GWB,Manhattan
174173,Henry Hudson Pkwy - Southbound - GWB to 125th St,Manhattan
175184,College Pnt Blvd - Northbound - Horace Harding Expwy to Booth Memorial Ave,Queens
176177,College Pnt Blvd - Northbound - Sanford Ave to Roosevelt Ave,Queens
176184,College Point Blvd - Southbound - Sanford Ave to Booth Memorial Ave,Queens
177157,Roosevelt Ave - Eastbound - College Pnt Blvd to Main St,Queens
177176,College Pnt Blvd - Southbound - Roosevelt Ave to Sanford Ave,Queens
177178,College Pnt Blvd - Northbound - Roosevelt Ave to 35th Ave,Queens
178177,College Pnt Blvd - Southbound - 35th Ave to Roosevelt Ave,Queens
179159,Main St  - Northbound - Peck Ave to Sanford Ave,Queens
179162,Main St - Southbound - Peck Ave to Horace Harding Expwy,Queens
180155,Seagirt Blvd - Eastbound - Beach 32nd St to Beach 9th St,Queens
181154,Beach Channel Dr - Eastbound - Beach 69 st to Bay 32 st,Queens
181156,Beach Channel Dr - Westbound- Beach 69 st to Beach 90 st,Queens
182154,Beach Channel Dr - Westbound - Mott Ave to Bay 32 St,Queens
183160,Kissena Blvd  - Northbound - Holly Ave to Sanford Ave,Queens
183161,Kissena Blvd -  Southbound - Holly Ave to Horace Harding Expwy NSR,Queens
184175,College Pnt Blvd - Southbound - Booth Memorial Ave to Horace Harding Expwy,Queens
184176,College Point Blvd - Northbound - Booth Memorial Ave to Sanford Ave,Queens
185158,Northern Blvd - Eastbound - Northern Blvd Br to Main St,Queens
188189,5th Avenue  - Southbound - 96 St to 86 St,Manhattan
189022,5th Avenue - Southbound - 86 St to 72 St,Manhattan
190191,Lexington Ave - Southbound - 96 St to 86 St,Manhattan
191021,Lexington Ave - Southbound - 86 St to 72 St,Manhattan
192193,2nd Avenue - Southbound - 86th St to 72nd St,Manhattan
193021,72nd Streeet - Westbound - 2nd Ave to Lexington Ave,Manhattan
193055,2nd Avenue - Southbound - 72nd St to 57th St,Manhattan
194196,Williamsburg Bridge - Eastbound - Manhattan @ Delancey to Brooklyn @ Bedford Ave,Manhattan
197195,Williamsburg Bridge - Westbound - Brooklyn @ Bedford Ave to Manhattan @ Delancey,Manhattan
199200,Battery Park Underpass - West St (Southbound) to FDR Dr (Northbound),Manhattan
200199,Battery Park Underpass - FDR Dr (Southbound) to West St (Northbound),Manhattan
201071,Atlantic Avenue - Westbound - Carlton Ave to Flatbush Ave,Brooklyn
202035,Belt Pkwy - Eastbound - 68th St to Bay 8th St,Brooklyn
203041,57th St - eastbound - QBB UL Entrance to 1 Ave,Manhattan
203055,57th St - westbound - QBB UL Entrance to 2 Ave,Manhattan
204008,Madison Avenue - northbound - 23 st to 34 st,Manhattan
204044,23rd Street - eastbound - madison ave to 3 ave,Manhattan
204047,23rd Street - westbound - madison ave to 6 ave,Manhattan
