nta2020,airbnb,bar,hotel,nightclub,pub,restaurant,nightlife_total,accommodation_total,total_count
BK0101,424,46,3,4,4,95,54,427,576
BK0102,853,69,12,6,9,180,84,865,1129
BK0103,29,0,1,0,0,3,0,30,33
BK0104,639,41,2,9,7,91,57,641,789
BK0201,65,5,1,0,2,39,7,66,112
BK0202,207,23,11,0,6,75,29,218,322
BK0203,200,10,1,0,6,45,16,201,262
BK0204,266,19,0,1,0,38,20,266,324
BK0261,5,1,0,0,1,0,2,5,7
BK0301,817,20,3,2,5,45,27,820,892
BK0302,1006,17,3,1,0,51,18,1009,1078
BK0401,488,52,0,6,9,86,67,488,641
BK0402,523,11,1,1,2,43,14,524,581
BK0471,0,0,0,0,0,0,0,0,0
BK0501,129,0,0,0,0,8,0,129,137
BK0502,112,1,5,0,0,4,1,117,122
BK0503,115,0,2,0,0,0,0,117,117
BK0504,6,0,0,0,0,9,0,6,15
BK0505,66,0,0,0,0,4,0,66,70
BK0571,0,0,0,0,0,0,0,0,0
BK0601,307,34,8,2,16,108,52,315,475
BK0602,338,24,0,0,12,130,36,338,504
BK0701,117,7,0,0,3,18,10,117,145
BK0702,190,16,10,0,9,53,25,200,278
BK0703,54,6,4,0,0,56,6,58,120
BK0771,0,0,0,0,0,0,0,0,0
BK0801,197,17,0,0,5,51,22,197,270
BK0802,629,16,2,0,4,47,20,631,698
BK0891,4,0,0,0,0,0,0,4,4
BK0901,136,2,1,0,2,6,4,137,147
BK0902,286,5,0,0,3,30,8,286,324
BK1001,189,8,2,0,11,101,19,191,311
BK1002,16,0,0,0,0,19,0,16,35
BK1061,1,0,0,0,0,0,0,1,1
BK1091,0,0,0,0,0,0,0,0,0
BK1101,46,0,0,0,0,67,0,46,113
BK1102,21,0,0,0,0,17,0,21,38
BK1103,28,2,0,0,0,21,2,28,51
BK1201,26,0,1,0,0,22,0,27,49
BK1202,13,1,1,0,0,12,1,14,27
BK1203,80,2,0,0,2,16,4,80,100
BK1204,9,0,0,0,0,1,0,9,10
BK1301,14,0,2,0,0,3,0,16,19
BK1302,37,5,0,0,0,30,5,37,72
BK1303,52,1,0,0,1,25,2,52,79
BK1391,0,0,0,0,0,0,0,0,0
BK1401,193,1,3,0,0,16,1,196,213
BK1402,126,5,1,0,0,24,5,127,156
BK1403,30,0,0,0,0,6,0,30,36
BK1501,30,0,0,0,1,21,1,30,52
BK1502,29,0,0,0,0,16,0,29,45
BK1503,54,5,1,0,1,50,6,55,111
BK1601,324,1,4,0,0,5,1,328,334
BK1602,58,1,1,0,0,2,1,59,62
BK1701,194,2,0,0,0,4,2,194,200
BK1702,89,0,0,0,0,0,0,89,89
BK1703,127,0,0,1,0,3,1,127,131
BK1704,80,0,0,0,0,0,0,80,80
BK1771,4,0,0,0,0,0,0,4,4
BK1801,102,0,0,1,0,7,1,102,110
BK1802,35,0,0,0,0,5,0,35,40
BK1803,193,0,0,0,0,4,0,193,197
BK1891,0,0,0,0,0,0,0,0,0
BK1892,0,0,0,0,0,0,0,0,0
BK1893,1,0,0,0,0,0,0,1,1
BK5591,0,0,0,0,0,1,0,0,1
BK5691,0,0,0,0,0,1,0,0,1
BK5692,0,0,0,0,0,0,0,0,0
BK5693,0,0,0,0,0,0,0,0,0
BX0101,80,1,2,1,0,17,2,82,101
BX0102,28,0,1,0,0,1,0,29,30
BX0201,22,0,0,0,0,0,0,22,22
BX0202,17,0,0,0,0,1,0,17,18
BX0291,0,0,0,0,0,0,0,0,0
BX0301,21,0,0,0,0,2,0,21,23
BX0302,4,1,0,0,0,0,1,4,5
BX0303,7,0,0,1,0,2,1,7,10
BX0391,0,0,0,0,0,0,0,0,0
BX0401,60,3,1,0,0,8,3,61,72
BX0402,20,0,1,1,0,0,1,21,22
BX0403,23,0,0,0,0,2,0,23,25
BX0491,2,0,0,0,0,2,0,2,4
BX0492,1,0,0,0,0,0,0,1,1
BX0501,18,0,0,0,0,3,0,18,21
BX0502,40,0,0,0,0,2,0,40,42
BX0503,14,0,0,0,0,14,0,14,28
BX0601,7,0,0,0,0,0,0,7,7
BX0602,15,0,0,0,0,0,0,15,15
BX0603,14,1,0,0,0,21,1,14,36
BX0701,16,1,0,0,0,7,1,16,24
BX0702,32,0,0,0,0,1,0,32,33
BX0703,19,0,1,0,0,3,0,20,23
BX0801,15,0,0,0,0,0,0,15,15
BX0802,23,1,0,0,2,9,3,23,35
BX0803,26,1,0,0,0,17,1,26,44
BX0901,23,1,0,1,0,16,2,23,41
BX0902,25,0,0,0,0,1,0,25,26
BX0903,22,0,0,0,0,9,0,22,31
BX0904,10,1,0,0,0,13,1,10,24
BX0991,0,0,0,0,0,0,0,0,0
BX1001,3,0,0,0,0,4,0,3,7
BX1002,34,0,0,0,0,7,0,34,41
BX1003,23,4,0,0,0,22,4,23,49
BX1004,5,0,1,0,0,6,0,6,12
BX1071,0,0,0,0,0,0,0,0,0
BX1091,0,0,0,0,0,0,0,0,0
BX1101,27,0,0,1,0,9,1,27,37
BX1102,28,1,0,0,0,10,1,28,39
BX1103,56,1,0,0,0,4,1,56,61
BX1104,24,0,0,0,0,9,0,24,33
BX1161,2,0,1,0,0,0,0,3,3
BX1201,48,0,1,0,0,3,0,49,52
BX1202,60,0,0,0,0,7,0,60,67
BX1203,52,6,0,0,0,7,6,52,65
BX1271,0,0,0,0,0,0,0,0,0
BX2691,1,0,0,0,0,1,0,1,2
BX2791,0,0,0,0,0,1,0,0,1
BX2891,1,0,0,0,0,0,0,1,1
MN0101,594,20,40,0,12,169,32,634,835
MN0102,162,15,10,0,6,88,21,172,281
MN0191,0,1,0,0,1,5,2,0,7
MN0201,476,26,19,1,1,182,28,495,705
MN0202,175,41,4,3,11,151,55,179,385
MN0203,372,40,4,4,5,169,49,376,594
MN0301,284,17,12,0,3,164,20,296,480
MN0302,451,60,17,4,4,133,68,468,669
MN0303,698,119,5,5,18,267,142,703,1112
MN0401,764,40,37,6,5,156,51,801,1008
MN0402,1128,40,35,6,10,174,56,1163,1393
MN0501,623,44,45,3,20,222,67,668,957
MN0502,1008,45,125,1,42,334,88,1133,1555
MN0601,29,0,0,0,0,3,0,29,32
MN0602,278,17,9,0,14,76,31,287,394
MN0603,707,9,13,0,12,102,21,720,843
MN0604,527,15,31,0,9,119,24,558,701
MN0661,2,0,0,0,0,0,0,2,2
MN0701,223,12,5,1,1,64,14,228,306
MN0702,601,20,12,0,5,140,25,613,778
MN0703,342,8,1,0,1,77,9,343,429
MN0801,553,16,2,0,8,110,24,555,689
MN0802,237,6,11,0,2,116,8,248,372
MN0803,412,17,1,0,5,100,22,413,535
MN0901,152,5,0,0,0,36,5,152,193
MN0902,105,1,0,0,0,9,1,105,115
MN0903,322,1,2,0,0,30,1,324,355
MN1001,466,3,3,0,1,52,4,469,525
MN1002,479,3,0,0,0,30,3,479,512
MN1101,300,4,0,0,1,46,5,300,351
MN1102,256,0,0,1,1,46,2,256,304
MN1191,0,0,0,0,0,0,0,0,0
MN1201,218,1,0,0,0,24,1,218,243
MN1202,190,5,2,0,2,43,7,192,242
MN1203,85,4,0,1,0,21,5,85,111
MN1291,18,0,0,0,0,0,0,18,18
MN1292,17,0,0,0,0,0,0,17,17
MN6491,0,2,0,0,0,1,2,0,3
QN0101,150,18,1,1,3,68,22,151,241
QN0102,63,1,0,0,0,16,1,63,80
QN0103,272,24,0,4,4,129,32,272,433
QN0104,156,20,2,4,1,90,25,158,273
QN0105,174,6,30,0,0,32,6,204,242
QN0151,0,0,0,0,0,0,0,0,0
QN0161,0,0,0,0,0,2,0,0,2
QN0171,0,0,0,0,0,0,0,0,0
QN0191,3,0,0,0,0,0,0,3,3
QN0201,147,13,9,1,5,82,19,156,257
QN0202,243,15,5,1,5,86,21,248,355
QN0203,276,17,2,1,3,62,21,278,361
QN0261,7,0,0,0,0,0,0,7,7
QN0271,2,0,0,0,0,0,0,2,2
QN0301,183,8,1,2,1,99,11,184,294
QN0302,104,1,7,0,0,18,1,111,130
QN0303,30,3,2,0,0,18,3,32,53
QN0401,267,10,1,0,0,100,10,268,378
QN0402,40,1,2,0,0,37,1,42,80
QN0501,39,2,1,3,4,39,9,40,88
QN0502,223,29,0,3,2,106,34,223,363
QN0503,54,1,0,0,2,19,3,54,76
QN0504,48,2,0,0,1,15,3,48,66
QN0571,1,0,0,0,0,0,0,1,1
QN0572,0,0,0,0,0,0,0,0,0
QN0573,1,0,0,0,0,0,0,1,1
QN0574,0,0,0,0,0,0,0,0,0
QN0601,39,0,2,0,1,26,1,41,68
QN0602,99,4,0,1,1,116,6,99,221
QN0701,35,1,2,0,0,7,1,37,45
QN0702,14,1,0,0,0,7,1,14,22
QN0703,12,0,0,0,0,18,0,12,30
QN0704,63,0,0,0,0,26,0,63,89
QN0705,51,1,0,0,0,11,1,51,63
QN0706,43,1,0,0,0,10,1,43,54
QN0707,151,2,16,2,0,103,4,167,274
QN0761,0,0,0,0,0,0,0,0,0
QN0791,0,0,0,0,0,0,0,0,0
QN0801,27,2,0,0,0,24,2,27,53
QN0802,53,0,0,0,0,15,0,53,68
QN0803,19,1,1,0,0,35,1,20,56
QN0804,14,1,0,0,0,17,1,14,32
QN0805,31,1,3,1,0,5,2,34,41
QN0871,2,0,0,0,0,0,0,2,2
QN0891,0,0,0,0,0,0,0,0,0
QN0901,27,1,0,0,1,19,2,27,48
QN0902,57,1,0,0,0,18,1,57,76
QN0903,10,1,0,3,0,17,4,10,31
QN0904,27,0,0,0,0,3,0,27,30
QN0905,73,1,0,0,1,22,2,73,97
QN1001,66,5,3,3,0,31,8,69,108
QN1002,43,0,1,0,1,11,1,44,56
QN1003,41,0,0,0,0,13,0,41,54
QN1091,0,0,0,0,0,0,0,0,0
QN1101,27,1,2,0,1,9,2,29,40
QN1102,38,2,3,0,0,19,2,41,62
QN1103,8,0,0,0,0,4,0,8,12
QN1104,6,0,0,0,1,25,1,6,32
QN1191,0,0,0,0,0,0,0,0,0
QN1201,50,11,8,0,1,42,12,58,112
QN1202,45,1,1,0,0,8,1,46,55
QN1203,106,1,6,1,0,7,2,112,121
QN1204,77,1,3,0,0,7,1,80,88
QN1205,149,1,0,1,0,9,2,149,160
QN1206,30,1,0,0,0,11,1,30,42
QN1301,0,1,1,1,1,28,3,1,32
QN1302,17,1,0,0,0,10,1,17,28
QN1303,73,0,0,0,0,20,0,73,93
QN1304,48,0,0,0,0,5,0,48,53
QN1305,65,1,0,1,0,13,2,65,80
QN1306,87,0,2,0,0,2,0,89,91
QN1307,78,0,1,0,0,7,0,79,86
QN1371,1,0,0,0,0,0,0,1,1
QN1401,65,0,0,0,0,4,0,65,69
QN1402,135,5,1,0,0,10,5,136,151
QN1403,10,2,1,0,4,20,6,11,37
QN1491,0,0,0,0,0,0,0,0,0
QN8081,0,8,0,0,1,19,9,0,28
QN8191,2,8,0,0,0,3,8,2,13
QN8291,0,0,0,0,0,0,0,0,0
QN8381,1,10,1,0,3,20,13,2,35
QN8491,0,0,0,0,0,0,0,0,0
QN8492,7,0,0,0,0,0,0,7,7
SI0101,50,2,1,0,1,21,3,51,75
SI0102,35,5,0,0,0,29,5,35,69
SI0103,16,2,0,0,0,15,2,16,33
SI0104,65,0,0,0,3,23,3,65,91
SI0105,12,0,1,0,3,36,3,13,52
SI0106,15,0,1,1,0,29,1,16,46
SI0107,32,1,0,0,0,19,1,32,52
SI0191,0,0,0,0,0,0,0,0,0
SI0201,23,1,0,0,0,45,1,23,69
SI0202,23,1,0,0,0,48,1,23,72
SI0203,12,2,0,0,0,18,2,12,32
SI0204,10,1,5,0,0,37,1,15,53
SI0291,0,0,0,0,0,0,0,0,0
SI0301,0,0,0,0,0,4,0,0,4
SI0302,15,2,0,0,3,55,5,15,75
SI0303,2,1,1,0,0,14,1,3,18
SI0304,11,1,0,0,0,17,1,11,29
SI0305,4,2,0,0,0,38,2,4,44
SI0391,0,2,0,0,0,5,2,0,7
SI9561,0,0,1,0,0,0,0,1,1
SI9591,0,0,0,0,0,0,0,0,0
SI9592,1,0,0,0,0,0,0,1,1
SI9593,0,0,0,0,0,0,0,0,0
